garment_group_name,date,interest,is_partial
Dressed,2025-09-28 00:00:00+00:00,45.0,False
Dressed,2025-10-05 00:00:00+00:00,45.333333333333336,False
Dressed,2025-10-12 00:00:00+00:00,45.333333333333336,False
Dressed,2025-10-19 00:00:00+00:00,46.666666666666664,False
Dressed,2025-10-26 00:00:00+00:00,43.666666666666664,False
Dressed,2025-11-02 00:00:00+00:00,45.333333333333336,False
Dressed,2025-11-09 00:00:00+00:00,45.0,False
Dressed,2025-11-16 00:00:00+00:00,44.666666666666664,False
Dressed,2025-11-23 00:00:00+00:00,51.666666666666664,False
Dressed,2025-11-30 00:00:00+00:00,49.666666666666664,False
Dressed,2025-12-07 00:00:00+00:00,45.666666666666664,False
Dressed,2025-12-14 00:00:00+00:00,40.666666666666664,False
Dressed,2025-12-21 00:00:00+00:00,33.333333333333336,False
Dressed,2025-12-28 00:00:00+00:00,35.666666666666664,False
Dressed,2026-01-04 00:00:00+00:00,37.666666666666664,False
Dressed,2026-01-11 00:00:00+00:00,38.0,False
Dressed,2026-01-18 00:00:00+00:00,37.666666666666664,False
Dressed,2026-01-25 00:00:00+00:00,37.333333333333336,False
Dressed,2026-02-01 00:00:00+00:00,38.0,False
Dressed,2026-02-08 00:00:00+00:00,54.666666666666664,False
Dressed,2026-02-15 00:00:00+00:00,57.0,False
Dressed,2026-02-22 00:00:00+00:00,40.666666666666664,False
Dressed,2026-03-01 00:00:00+00:00,37.666666666666664,False
Dressed,2026-03-08 00:00:00+00:00,38.333333333333336,False
Dressed,2026-03-15 00:00:00+00:00,37.333333333333336,False
Dressed,2026-03-22 00:00:00+00:00,37.0,False
Dressed,2026-03-29 00:00:00+00:00,31.666666666666668,False
Dressed,2026-04-05 00:00:00+00:00,38.333333333333336,False
Dressed,2026-04-12 00:00:00+00:00,37.0,False
Dressed,2026-04-19 00:00:00+00:00,35.0,False
Dressed,2026-04-26 00:00:00+00:00,34.333333333333336,False
Dressed,2026-05-03 00:00:00+00:00,33.333333333333336,False
Dressed,2026-05-10 00:00:00+00:00,35.0,False
Dressed,2026-05-17 00:00:00+00:00,37.0,False
Dressed,2026-05-24 00:00:00+00:00,33.333333333333336,False
Dressed,2026-05-31 00:00:00+00:00,36.0,False
Dressed,2026-06-07 00:00:00+00:00,32.666666666666664,False
Dressed,2026-06-14 00:00:00+00:00,29.666666666666668,False
Dressed,2026-06-21 00:00:00+00:00,31.333333333333332,False
Dressed,2026-06-28 00:00:00+00:00,31.333333333333332,False
Dressed,2026-07-05 00:00:00+00:00,32.333333333333336,False
Dressed,2026-07-12 00:00:00+00:00,31.0,False
Dressed,2026-07-19 00:00:00+00:00,30.666666666666668,False
Dressed,2026-07-26 00:00:00+00:00,36.666666666666664,False
Dressed,2026-08-02 00:00:00+00:00,33.666666666666664,False
Dressed,2026-08-09 00:00:00+00:00,35.666666666666664,False
Dressed,2026-08-16 00:00:00+00:00,34.333333333333336,False
Dressed,2026-08-23 00:00:00+00:00,37.666666666666664,False
Dressed,2026-08-30 00:00:00+00:00,40.0,False
Dressed,2026-09-06 00:00:00+00:00,44.333333333333336,False
Dressed,2026-09-13 00:00:00+00:00,45.0,False
Dressed,2026-09-20 00:00:00+00:00,46.0,False
Dressed,2026-09-27 00:00:00+00:00,44.0,True
Jersey Basic,2025-09-28 00:00:00+00:00,1.0,False
Jersey Basic,2025-10-05 00:00:00+00:00,0.6666666666666666,False
Jersey Basic,2025-10-12 00:00:00+00:00,1.0,False
Jersey Basic,2025-10-19 00:00:00+00:00,1.6666666666666667,False
Jersey Basic,2025-10-26 00:00:00+00:00,1.0,False
Jersey Basic,2025-11-02 00:00:00+00:00,1.3333333333333333,False
Jersey Basic,2025-11-09 00:00:00+00:00,1.6666666666666667,False
Jersey Basic,2025-11-16 00:00:00+00:00,1.6666666666666667,False
Jersey Basic,2025-11-23 00:00:00+00:00,2.0,False
Jersey Basic,2025-11-30 00:00:00+00:00,1.6666666666666667,False
Jersey Basic,2025-12-07 00:00:00+00:00,1.6666666666666667,False
Jersey Basic,2025-12-14 00:00:00+00:00,1.3333333333333333,False
Jersey Basic,2025-12-21 00:00:00+00:00,1.3333333333333333,False
Jersey Basic,2025-12-28 00:00:00+00:00,1.6666666666666667,False
Jersey Basic,2026-01-04 00:00:00+00:00,1.0,False
Jersey Basic,2026-01-11 00:00:00+00:00,1.3333333333333333,False
Jersey Basic,2026-01-18 00:00:00+00:00,0.6666666666666666,False
Jersey Basic,2026-01-25 00:00:00+00:00,1.3333333333333333,False
Jersey Basic,2026-02-01 00:00:00+00:00,1.3333333333333333,False
Jersey Basic,2026-02-08 00:00:00+00:00,33.0,False
Jersey Basic,2026-02-15 00:00:00+00:00,39.666666666666664,False
Jersey Basic,2026-02-22 00:00:00+00:00,9.333333333333334,False
Jersey Basic,2026-03-01 00:00:00+00:00,1.0,False
Jersey Basic,2026-03-08 00:00:00+00:00,1.6666666666666667,False
Jersey Basic,2026-03-15 00:00:00+00:00,1.3333333333333333,False
Jersey Basic,2026-03-22 00:00:00+00:00,1.6666666666666667,False
Jersey Basic,2026-03-29 00:00:00+00:00,1.6666666666666667,False
Jersey Basic,2026-04-05 00:00:00+00:00,2.3333333333333335,False
Jersey Basic,2026-04-12 00:00:00+00:00,1.6666666666666667,False
Jersey Basic,2026-04-19 00:00:00+00:00,2.3333333333333335,False
Jersey Basic,2026-04-26 00:00:00+00:00,1.3333333333333333,False
Jersey Basic,2026-05-03 00:00:00+00:00,1.6666666666666667,False
Jersey Basic,2026-05-10 00:00:00+00:00,1.6666666666666667,False
Jersey Basic,2026-05-17 00:00:00+00:00,1.6666666666666667,False
Jersey Basic,2026-05-24 00:00:00+00:00,2.0,False
Jersey Basic,2026-05-31 00:00:00+00:00,1.3333333333333333,False
Jersey Basic,2026-06-07 00:00:00+00:00,1.0,False
Jersey Basic,2026-06-14 00:00:00+00:00,1.0,False
Jersey Basic,2026-06-21 00:00:00+00:00,1.0,False
Jersey Basic,2026-06-28 00:00:00+00:00,1.3333333333333333,False
Jersey Basic,2026-07-05 00:00:00+00:00,1.3333333333333333,False
Jersey Basic,2026-07-12 00:00:00+00:00,1.0,False
Jersey Basic,2026-07-19 00:00:00+00:00,1.0,False
Jersey Basic,2026-07-26 00:00:00+00:00,1.0,False
Jersey Basic,2026-08-02 00:00:00+00:00,0.6666666666666666,False
Jersey Basic,2026-08-09 00:00:00+00:00,1.3333333333333333,False
Jersey Basic,2026-08-16 00:00:00+00:00,1.3333333333333333,False
Jersey Basic,2026-08-23 00:00:00+00:00,1.3333333333333333,False
Jersey Basic,2026-08-30 00:00:00+00:00,1.3333333333333333,False
Jersey Basic,2026-09-06 00:00:00+00:00,1.6666666666666667,False
Jersey Basic,2026-09-13 00:00:00+00:00,0.3333333333333333,False
Jersey Basic,2026-09-20 00:00:00+00:00,1.6666666666666667,False
Jersey Basic,2026-09-27 00:00:00+00:00,1.0,True
Jersey Fancy,2025-09-28 00:00:00+00:00,0.0,False
Jersey Fancy,2025-10-05 00:00:00+00:00,0.0,False
Jersey Fancy,2025-10-12 00:00:00+00:00,0.0,False
Jersey Fancy,2025-10-19 00:00:00+00:00,0.0,False
Jersey Fancy,2025-10-26 00:00:00+00:00,0.0,False
Jersey Fancy,2025-11-02 00:00:00+00:00,0.6666666666666666,False
Jersey Fancy,2025-11-09 00:00:00+00:00,0.0,False
Jersey Fancy,2025-11-16 00:00:00+00:00,0.6666666666666666,False
Jersey Fancy,2025-11-23 00:00:00+00:00,1.0,False
Jersey Fancy,2025-11-30 00:00:00+00:00,1.0,False
Jersey Fancy,2025-12-07 00:00:00+00:00,0.0,False
Jersey Fancy,2025-12-14 00:00:00+00:00,0.6666666666666666,False
Jersey Fancy,2025-12-21 00:00:00+00:00,1.0,False
Jersey Fancy,2025-12-28 00:00:00+00:00,0.0,False
Jersey Fancy,2026-01-04 00:00:00+00:00,0.0,False
Jersey Fancy,2026-01-11 00:00:00+00:00,0.0,False
Jersey Fancy,2026-01-18 00:00:00+00:00,0.0,False
Jersey Fancy,2026-01-25 00:00:00+00:00,0.6666666666666666,False
Jersey Fancy,2026-02-01 00:00:00+00:00,1.6666666666666667,False
Jersey Fancy,2026-02-08 00:00:00+00:00,53.0,False
Jersey Fancy,2026-02-15 00:00:00+00:00,66.33333333333333,False
Jersey Fancy,2026-02-22 00:00:00+00:00,14.666666666666666,False
Jersey Fancy,2026-03-01 00:00:00+00:00,0.0,False
Jersey Fancy,2026-03-08 00:00:00+00:00,0.6666666666666666,False
Jersey Fancy,2026-03-15 00:00:00+00:00,0.0,False
Jersey Fancy,2026-03-22 00:00:00+00:00,0.6666666666666666,False
Jersey Fancy,2026-03-29 00:00:00+00:00,0.6666666666666666,False
Jersey Fancy,2026-04-05 00:00:00+00:00,0.6666666666666666,False
Jersey Fancy,2026-04-12 00:00:00+00:00,1.0,False
Jersey Fancy,2026-04-19 00:00:00+00:00,0.0,False
Jersey Fancy,2026-04-26 00:00:00+00:00,0.6666666666666666,False
Jersey Fancy,2026-05-03 00:00:00+00:00,1.3333333333333333,False
Jersey Fancy,2026-05-10 00:00:00+00:00,0.0,False
Jersey Fancy,2026-05-17 00:00:00+00:00,0.0,False
Jersey Fancy,2026-05-24 00:00:00+00:00,1.0,False
Jersey Fancy,2026-05-31 00:00:00+00:00,0.0,False
Jersey Fancy,2026-06-07 00:00:00+00:00,1.0,False
Jersey Fancy,2026-06-14 00:00:00+00:00,0.0,False
Jersey Fancy,2026-06-21 00:00:00+00:00,0.0,False
Jersey Fancy,2026-06-28 00:00:00+00:00,0.0,False
Jersey Fancy,2026-07-05 00:00:00+00:00,0.0,False
Jersey Fancy,2026-07-12 00:00:00+00:00,0.0,False
Jersey Fancy,2026-07-19 00:00:00+00:00,0.0,False
Jersey Fancy,2026-07-26 00:00:00+00:00,0.0,False
Jersey Fancy,2026-08-02 00:00:00+00:00,0.0,False
Jersey Fancy,2026-08-09 00:00:00+00:00,1.0,False
Jersey Fancy,2026-08-16 00:00:00+00:00,0.0,False
Jersey Fancy,2026-08-23 00:00:00+00:00,0.0,False
Jersey Fancy,2026-08-30 00:00:00+00:00,0.0,False
Jersey Fancy,2026-09-06 00:00:00+00:00,1.0,False
Jersey Fancy,2026-09-13 00:00:00+00:00,0.0,False
Jersey Fancy,2026-09-20 00:00:00+00:00,0.3333333333333333,False
Jersey Fancy,2026-09-27 00:00:00+00:00,0.3333333333333333,True
Outdoor,2025-09-28 00:00:00+00:00,10.0,False
Outdoor,2025-10-05 00:00:00+00:00,9.333333333333334,False
Outdoor,2025-10-12 00:00:00+00:00,9.0,False
Outdoor,2025-10-19 00:00:00+00:00,9.0,False
Outdoor,2025-10-26 00:00:00+00:00,11.333333333333334,False
Outdoor,2025-11-02 00:00:00+00:00,12.333333333333334,False
Outdoor,2025-11-09 00:00:00+00:00,14.0,False
Outdoor,2025-11-16 00:00:00+00:00,15.333333333333334,False
Outdoor,2025-11-23 00:00:00+00:00,16.0,False
Outdoor,2025-11-30 00:00:00+00:00,14.666666666666666,False
Outdoor,2025-12-07 00:00:00+00:00,10.666666666666666,False
Outdoor,2025-12-14 00:00:00+00:00,9.666666666666666,False
Outdoor,2025-12-21 00:00:00+00:00,14.333333333333334,False
Outdoor,2025-12-28 00:00:00+00:00,13.333333333333334,False
Outdoor,2026-01-04 00:00:00+00:00,11.666666666666666,False
Outdoor,2026-01-11 00:00:00+00:00,11.333333333333334,False
Outdoor,2026-01-18 00:00:00+00:00,10.0,False
Outdoor,2026-01-25 00:00:00+00:00,9.666666666666666,False
Outdoor,2026-02-01 00:00:00+00:00,11.333333333333334,False
Outdoor,2026-02-08 00:00:00+00:00,19.666666666666668,False
Outdoor,2026-02-15 00:00:00+00:00,21.666666666666668,False
Outdoor,2026-02-22 00:00:00+00:00,15.0,False
Outdoor,2026-03-01 00:00:00+00:00,13.333333333333334,False
Outdoor,2026-03-08 00:00:00+00:00,15.333333333333334,False
Outdoor,2026-03-15 00:00:00+00:00,16.666666666666668,False
Outdoor,2026-03-22 00:00:00+00:00,22.333333333333332,False
Outdoor,2026-03-29 00:00:00+00:00,20.0,False
Outdoor,2026-04-05 00:00:00+00:00,29.333333333333332,False
Outdoor,2026-04-12 00:00:00+00:00,35.333333333333336,False
Outdoor,2026-04-19 00:00:00+00:00,28.333333333333332,False
Outdoor,2026-04-26 00:00:00+00:00,24.0,False
Outdoor,2026-05-03 00:00:00+00:00,37.0,False
Outdoor,2026-05-10 00:00:00+00:00,32.0,False
Outdoor,2026-05-17 00:00:00+00:00,34.0,False
Outdoor,2026-05-24 00:00:00+00:00,30.666666666666668,False
Outdoor,2026-05-31 00:00:00+00:00,48.666666666666664,False
Outdoor,2026-06-07 00:00:00+00:00,33.666666666666664,False
Outdoor,2026-06-14 00:00:00+00:00,31.0,False
Outdoor,2026-06-21 00:00:00+00:00,37.0,False
Outdoor,2026-06-28 00:00:00+00:00,36.0,False
Outdoor,2026-07-05 00:00:00+00:00,36.0,False
Outdoor,2026-07-12 00:00:00+00:00,32.333333333333336,False
Outdoor,2026-07-19 00:00:00+00:00,27.0,False
Outdoor,2026-07-26 00:00:00+00:00,26.333333333333332,False
Outdoor,2026-08-02 00:00:00+00:00,25.333333333333332,False
Outdoor,2026-08-09 00:00:00+00:00,23.666666666666668,False
Outdoor,2026-08-16 00:00:00+00:00,17.333333333333332,False
Outdoor,2026-08-23 00:00:00+00:00,14.333333333333334,False
Outdoor,2026-08-30 00:00:00+00:00,12.0,False
Outdoor,2026-09-06 00:00:00+00:00,12.0,False
Outdoor,2026-09-13 00:00:00+00:00,10.333333333333334,False
Outdoor,2026-09-20 00:00:00+00:00,9.0,False
Outdoor,2026-09-27 00:00:00+00:00,10.0,True
Trousers,2025-09-28 00:00:00+00:00,23.666666666666668,False
Trousers,2025-10-05 00:00:00+00:00,14.333333333333334,False
Trousers,2025-10-12 00:00:00+00:00,12.333333333333334,False
Trousers,2025-10-19 00:00:00+00:00,16.333333333333332,False
Trousers,2025-10-26 00:00:00+00:00,10.0,False
Trousers,2025-11-02 00:00:00+00:00,20.333333333333332,False
Trousers,2025-11-09 00:00:00+00:00,14.666666666666666,False
Trousers,2025-11-16 00:00:00+00:00,10.333333333333334,False
Trousers,2025-11-23 00:00:00+00:00,23.0,False
Trousers,2025-11-30 00:00:00+00:00,7.333333333333333,False
Trousers,2025-12-07 00:00:00+00:00,0.0,False
Trousers,2025-12-14 00:00:00+00:00,16.666666666666668,False
Trousers,2025-12-21 00:00:00+00:00,7.333333333333333,False
Trousers,2025-12-28 00:00:00+00:00,13.666666666666666,False
Trousers,2026-01-04 00:00:00+00:00,14.333333333333334,False
Trousers,2026-01-11 00:00:00+00:00,14.333333333333334,False
Trousers,2026-01-18 00:00:00+00:00,13.0,False
Trousers,2026-01-25 00:00:00+00:00,11.333333333333334,False
Trousers,2026-02-01 00:00:00+00:00,9.666666666666666,False
Trousers,2026-02-08 00:00:00+00:00,53.0,False
Trousers,2026-02-15 00:00:00+00:00,67.66666666666667,False
Trousers,2026-02-22 00:00:00+00:00,35.666666666666664,False
Trousers,2026-03-01 00:00:00+00:00,13.666666666666666,False
Trousers,2026-03-08 00:00:00+00:00,26.0,False
Trousers,2026-03-15 00:00:00+00:00,20.0,False
Trousers,2026-03-22 00:00:00+00:00,21.666666666666668,False
Trousers,2026-03-29 00:00:00+00:00,13.0,False
Trousers,2026-04-05 00:00:00+00:00,24.0,False
Trousers,2026-04-12 00:00:00+00:00,26.666666666666668,False
Trousers,2026-04-19 00:00:00+00:00,26.0,False
Trousers,2026-04-26 00:00:00+00:00,29.333333333333332,False
Trousers,2026-05-03 00:00:00+00:00,29.666666666666668,False
Trousers,2026-05-10 00:00:00+00:00,32.333333333333336,False
Trousers,2026-05-17 00:00:00+00:00,27.333333333333332,False
Trousers,2026-05-24 00:00:00+00:00,30.0,False
Trousers,2026-05-31 00:00:00+00:00,35.0,False
Trousers,2026-06-07 00:00:00+00:00,29.666666666666668,False
Trousers,2026-06-14 00:00:00+00:00,28.0,False
Trousers,2026-06-21 00:00:00+00:00,30.333333333333332,False
Trousers,2026-06-28 00:00:00+00:00,17.333333333333332,False
Trousers,2026-07-05 00:00:00+00:00,24.666666666666668,False
Trousers,2026-07-12 00:00:00+00:00,31.666666666666668,False
Trousers,2026-07-19 00:00:00+00:00,25.666666666666668,False
Trousers,2026-07-26 00:00:00+00:00,21.0,False
Trousers,2026-08-02 00:00:00+00:00,25.333333333333332,False
Trousers,2026-08-09 00:00:00+00:00,25.333333333333332,False
Trousers,2026-08-16 00:00:00+00:00,22.666666666666668,False
Trousers,2026-08-23 00:00:00+00:00,21.333333333333332,False
Trousers,2026-08-30 00:00:00+00:00,21.666666666666668,False
Trousers,2026-09-06 00:00:00+00:00,27.0,False
Trousers,2026-09-13 00:00:00+00:00,21.333333333333332,False
Trousers,2026-09-20 00:00:00+00:00,18.666666666666668,False
Trousers,2026-09-27 00:00:00+00:00,19.666666666666668,True
