week_start,avg_temp,temp_anomaly,precipitation,precip_anomaly
2009-12-28,22.03333333333333,0.09018790849673408,13.6,2.0893464052287576
2010-01-04,22.642857142857142,0.33127100840336254,1.1,-2.8855707282913166
2010-01-11,22.714285714285715,0.2857142857142857,11.700000000000001,-1.7756862745098039
2010-01-18,23.400000000000002,0.7109803921568627,0.2,-3.1313725490196083
2010-01-25,23.285714285714285,0.3559663865546219,9.4,-1.524313725490196
2010-02-01,22.785714285714285,0.0840896358543424,80.9,7.783025210084034
2010-02-08,23.857142857142858,1.4798879551820734,70.39999999999999,6.251484593837534
2010-02-15,22.228571428571428,-0.03271708683473256,2.8000000000000003,-3.105826330532213
2010-02-22,22.52857142857143,0.3926050420168054,5.3999999999999995,-3.1316526610644257
2010-03-01,21.071428571428573,-0.8042577030812339,24.5,-0.6670028011204477
2010-03-08,20.814285714285713,-0.6992156862745093,3.3000000000000003,-3.61327731092437
2010-03-15,21.771428571428572,0.5849299719887959,0.0,-4.203473389355742
2010-03-22,22.32857142857143,1.702801120448179,1.8,-3.6294677871148457
2010-03-29,19.771428571428572,-0.05282913165265971,35.6,1.5907563025210085
2010-04-05,20.0,1.0404481792717075,12.200000000000001,-0.9973669467787116
2010-04-12,18.271428571428572,-0.03675070028011364,3.5,-1.7455462184873949
2010-04-19,20.114285714285717,2.310868347338935,8.1,-1.1537254901960785
2010-04-26,17.085714285714285,0.019159663865546555,1.5,-2.0633053221288518
2010-05-03,16.857142857142858,0.7543417366946775,4.0,-1.4676750700280112
2010-05-10,15.7,0.3784873949579823,0.5,-1.7307002801120446
2010-05-17,14.342857142857143,-0.5880112044817937,10.5,-0.9501400560224089
2010-05-24,15.085714285714285,0.74358543417367,51.199999999999996,4.467507002801121
2010-05-31,14.942857142857141,1.4099719887955184,32.0,1.7889075630252105
2010-06-07,12.1,-1.014789915966386,0.0,-2.546442577030813
2010-06-14,12.585714285714285,-0.18392156862745143,1.4,-1.4747338935574228
2010-06-21,13.8,1.5000560224089639,6.4,-1.0010084033613444
2010-06-28,10.114285714285714,-2.0069467787114847,0.0,-2.3714845938375353
2010-07-05,13.142857142857142,1.110924369747899,9.5,-0.6726610644257702
2010-07-12,12.857142857142858,0.8301400560224089,6.7,-0.20627450980392162
2010-07-19,11.685714285714285,-0.6186554621848733,8.1,-0.178095238095238
2010-07-26,14.042857142857143,1.4961904761904765,34.5,3.3040896358543423
2010-08-02,11.442857142857141,-1.1165266106442575,5.5,-0.7772549019607843
2010-08-09,13.057142857142859,0.3105322128851538,9.5,-0.25843137254901977
2010-08-16,12.971428571428572,-0.28436974789916036,2.1,-1.953781512605042
2010-08-23,12.328571428571427,-1.3686834733893556,1.1,-1.9039775910364143
2010-08-30,15.5,1.038711484593837,24.0,1.99703081232493
2010-09-06,13.571428571428571,-1.5991596638655465,7.7,-0.2895238095238096
2010-09-13,14.200000000000001,-1.4658263305322132,5.3,-0.7103081232492998
2010-09-20,15.700000000000001,-0.4671463585434165,0.9,-1.5489950980392158
2010-09-27,15.657142857142857,-1.0954236694677861,21.2,1.01984593837535
2010-10-04,16.814285714285713,-0.46160714285714327,7.0,-1.2274124649859945
2010-10-11,17.52857142857143,-0.10672619047618907,13.9,-0.010178571428571117
2010-10-18,16.914285714285715,-1.1044047619047608,27.1,2.0017261904761905
2010-10-25,18.114285714285714,-0.2542261904761907,10.1,-0.9575000000000001
2010-11-01,15.9,-2.814702380952382,91.3,10.35375
2010-11-08,21.285714285714285,2.231964285714286,6.5,-1.8088690476190474
2010-11-15,18.457142857142856,-1.079821428571428,36.699999999999996,2.7408333333333332
2010-11-22,20.37142857142857,0.13148809523809543,8.9,-1.520357142857143
2010-11-29,20.014285714285712,-0.778333333333334,55.8,5.297440476190475
2010-12-06,22.357142857142858,1.3342857142857132,6.699999999999999,-1.1823214285714287
2010-12-13,20.914285714285715,-0.40595238095238023,8.4,-1.0764880952380953
2010-12-20,20.357142857142858,-1.1435294117647044,3.4,-1.5608228291316526
2010-12-27,20.97142857142857,-0.7438865546218472,3.0,-1.6384103641456582
2011-01-03,20.957142857142856,-1.3124404761904747,14.6,-0.76765056022409
2011-01-10,23.32857142857143,0.923697478991597,11.7,-1.882128851540616
2011-01-17,22.7,0.05865546218487389,9.399999999999999,-1.807563025210084
2011-01-24,23.857142857142858,0.9335574229691882,0.5,-2.7859383753501397
2011-01-31,27.285714285714285,4.530364145658265,5.1,-2.959047619047619
2011-02-07,22.014285714285712,-0.3940616246498599,12.7,-1.9844817927170868
2011-02-14,23.357142857142858,1.078711484593839,11.9,-1.86296918767507
2011-02-21,21.2,-0.9605602240896357,2.3,-3.462408963585434
2011-02-28,21.37142857142857,-0.5472268907563043,2.7,-3.788011204481793
2011-03-07,22.400000000000002,0.8388795518207287,7.199999999999999,-3.043529411764706
2011-03-14,20.52857142857143,-0.715406162464986,33.5,0.5814005602240896
2011-03-21,20.814285714285713,0.08689075630252166,12.0,-2.26
2011-03-28,19.985714285714288,0.04683473389355898,1.9,-3.253781512605042
2011-04-04,19.0,-0.06974789915966438,10.0,-1.451036414565826
2011-04-11,17.142857142857142,-1.2555742296918788,16.099999999999998,0.00605042016806718
2011-04-18,17.785714285714285,-0.09238095238095312,8.5,-1.0360224089635854
2011-04-25,17.557142857142857,0.3499159663865546,17.2,0.10509803921568624
2011-05-02,15.314285714285715,-0.9103081232492999,6.0,-1.1930532212885152
2011-05-09,12.700000000000001,-2.6917086834733897,0.0,-1.7543417366946776
2011-05-16,14.771428571428572,-0.23787114845938437,0.0,-2.421736694677871
2011-05-23,13.942857142857141,-0.4988795518207283,6.8999999999999995,-1.7495798319327729
2011-05-30,14.9,1.2704761904761914,26.099999999999998,0.8670588235294115
2011-06-06,11.671428571428573,-1.489131652661064,11.2,-1.0053221288515408
2011-06-13,13.971428571428572,1.1492997198879553,14.799999999999999,0.3402240896358543
2011-06-20,12.142857142857142,-0.2220168067226894,0.8,-1.7115406162464986
2011-06-27,13.714285714285714,1.5753501400560224,2.0,-2.0610084033613445
2011-07-04,11.771428571428572,-0.2578151260504204,0.2,-2.1259943977591034
2011-07-11,11.37142857142857,-0.6498599439775917,4.1,-0.662577030812325
2011-07-18,11.771428571428572,-0.4774229691876745,38.1,4.188347338935574
2011-07-25,11.485714285714286,-1.0539495798319323,1.8,-1.342689075630252
2011-08-01,14.914285714285715,2.362128851540617,4.9,-0.8898039215686273
2011-08-08,11.9,-0.7961344537815128,13.7,0.4014565826330531
2011-08-15,13.428571428571429,0.23680672268907493,28.4,1.8566946778711484
2011-08-22,14.1,0.5010084033613447,0.6000000000000001,-2.0373669467787114
2011-08-29,14.428571428571429,0.07170868347338961,1.6,-1.2744537815126051
2011-09-05,14.385714285714286,-0.7002801120448178,10.4,0.11042016806722679
2011-09-12,15.5,-0.09098039215686374,0.4,-1.4029131652661064
2011-09-19,16.385714285714283,0.2854551820728291,55.9,6.329352240896358
2011-09-26,14.828571428571427,-1.8376995798319322,34.8,3.0325490196078433
2011-10-03,15.057142857142859,-2.146785714285714,8.3,-1.0208018207282912
2011-10-10,16.32857142857143,-1.2613690476190467,3.3000000000000003,-1.5805357142857144
2011-10-17,17.642857142857142,-0.317321428571428,1.1,-1.7397619047619046
2011-10-24,18.75714285714286,0.4168452380952381,8.9,-0.9721428571428573
2011-10-31,17.642857142857142,-0.9919642857142862,5.3,-1.9320238095238094
2011-11-07,21.47142857142857,2.4632142857142854,10.7,-1.2657142857142856
2011-11-14,21.25714285714286,1.7942261904761903,19.0,0.2725595238095238
2011-11-21,18.87142857142857,-1.27172619047619,87.4,9.689761904761905
2011-11-28,18.728571428571428,-2.0114880952380974,12.0,-0.9586904761904762
2011-12-05,17.585714285714285,-3.3784523809523828,23.4,1.0895238095238093
2011-12-12,17.685714285714287,-3.617619047619047,21.4,0.819583333333333
2011-12-19,20.02857142857143,-1.440059523809522,15.9,0.17488095238095241
2011-12-26,19.842857142857145,-1.8296673669467778,6.9,-1.0046953781512606
2012-01-02,21.442857142857143,-0.7659383753501388,8.6,-1.4902906162464988
2012-01-09,20.3,-2.083809523809524,30.2,0.7166946778711483
2012-01-16,21.47142857142857,-1.1285154061624663,11.4,-1.4987675070028013
2012-01-23,21.74285714285714,-1.1504201680672261,32.0,1.6635294117647057
2012-01-30,21.32857142857143,-1.4779271708683466,41.9,2.405882352941177
2012-02-06,20.62857142857143,-1.8182072829131661,55.3,4.1370868347338945
2012-02-13,21.071428571428573,-1.233893557422967,12.2,-1.87703081232493
2012-02-20,21.314285714285717,-0.8629131652661057,18.7,-1.019887955182073
2012-02-27,21.62857142857143,-0.3276190476190486,69.2,5.656134453781513
2012-03-05,19.099999999999998,-2.512380952380952,75.3,6.729803921568627
2012-03-12,20.657142857142855,-0.6427450980392153,9.1,-2.8754061624649863
2012-03-19,19.2,-1.6170868347338927,1.9,-3.804089635854342
2012-03-26,19.771428571428572,-0.28498599439775874,6.7,-2.579607843137255
2012-04-02,20.428571428571427,1.2458263305322137,1.5,-2.7983193277310927
2012-04-09,17.057142857142857,-1.4407843137254914,0.4,-2.304481792717087
2012-04-16,19.142857142857142,1.199607843137254,45.0,4.2276750700280115
2012-04-23,16.757142857142856,-0.5802240896358547,6.4,-1.5062745098039214
2012-04-30,16.04285714285714,-0.30974789915966355,0.9,-1.9177591036414565
2012-05-07,15.37142857142857,-0.10789915966386612,0.2,-1.759719887955182
2012-05-14,13.957142857142857,-1.1172549019607845,0.6,-2.2403361344537815
2012-05-21,13.728571428571428,-0.8039215686274509,18.6,0.017983193277311
2012-05-28,14.271428571428572,0.5270028011204493,18.0,-0.3482913165266107
2012-06-04,11.942857142857141,-1.262857142857143,20.3,0.24728291316526624
2012-06-11,13.742857142857144,0.8746218487394959,30.0,2.405826330532213
2012-06-18,11.971428571428572,-0.4666106442577035,0.4,-1.693389355742297
2012-06-25,12.314285714285715,0.15624649859943926,1.7000000000000002,-2.0658823529411765
2012-07-02,11.357142857142858,-0.6754061624649859,0.2,-2.224425770308123
2012-07-09,13.385714285714286,1.3715966386554619,6.6,-0.40414565826330534
2012-07-16,12.357142857142858,0.16033613445378236,0.7999999999999999,-1.0798319327731092
2012-07-23,12.828571428571427,0.30778711484593835,0.4,-1.5287394957983191
2012-07-30,11.457142857142857,-1.0968067226890752,0.0,-1.6061064425770308
2012-08-06,11.728571428571428,-0.9325490196078431,1.0,-1.3494117647058823
2012-08-13,12.685714285714285,-0.42890756302521077,0.5,-2.0664425770308124
2012-08-20,14.557142857142855,1.042408963585434,0.7,-2.0644817927170864
2012-08-27,13.357142857142858,-0.8983753501400559,0.5,-1.5331652661064425
2012-09-03,15.714285714285714,0.7244817927170865,0.0,-1.3578151260504203
2012-09-10,14.328571428571427,-1.1914845938375358,4.2,-0.8495798319327731
2012-09-17,15.571428571428571,-0.4588340336134455,4.4,-1.0073949579831933
2012-09-24,17.242857142857144,0.6651645658263318,7.9,-0.7357843137254901
2012-10-01,17.242857142857144,0.10308473389355706,1.0,-2.0473564425770308
2012-10-08,14.042857142857143,-3.49142857142857,14.9,0.004107142857142928
2012-10-15,18.642857142857142,0.735595238095238,0.2,-1.8899404761904761
2012-10-22,16.742857142857144,-1.5641666666666671,2.9,-1.6760119047619049
2012-10-29,18.542857142857144,-0.018690476190476448,1.0,-2.5497619047619047
2012-11-05,19.585714285714285,0.6279761904761904,15.1,-0.6686904761904761
2012-11-12,17.728571428571428,-1.658571428571429,11.4,-0.8120833333333335
2012-11-19,18.52857142857143,-1.518928571428571,4.5,-2.1107142857142858
2012-11-26,22.185714285714287,1.5095238095238084,6.0,-1.8427976190476192
2012-12-03,19.671428571428574,-1.256309523809524,0.1,-2.3208928571428573
2012-12-10,20.928571428571427,-0.3468452380952388,2.8,-1.8082142857142858
2012-12-17,21.885714285714283,0.45708333333333634,0.1,-2.129404761904762
2012-12-24,20.457142857142856,-1.1820133053221282,13.3,-0.013497899159663993
2012-12-31,21.985714285714288,-0.06311624649859837,0.0,-2.5390196078431373
2013-01-07,23.657142857142855,1.2900140056022416,13.7,-1.5599159663865547
2013-01-14,22.271428571428572,-0.25507002801120493,4.9,-2.396750700280112
2013-01-21,23.085714285714285,0.2760224089635851,68.6,6.70515406162465
2013-01-28,20.614285714285717,-2.2691876750700275,109.3,12.322408963585435
2013-02-04,21.599999999999998,-0.9265546218487388,6.2,-2.896358543417367
2013-02-11,20.82857142857143,-1.5262745098039194,11.399999999999999,-2.0849299719887955
2013-02-18,22.114285714285717,-0.09613445378151095,77.7,7.588011204481792
2013-02-25,21.585714285714285,-0.4489075630252119,46.5,2.424481792717087
2013-03-04,21.885714285714283,0.1678991596638651,0.2,-4.006946778711485
2013-03-11,21.17142857142857,-0.21663865546218425,3.5,-3.6307002801120447
2013-03-18,20.97142857142857,-0.019999999999999574,2.7,-3.8173109243697474
2013-03-25,21.014285714285712,0.7375350140056024,4.7,-2.9188795518207287
2013-04-01,18.514285714285712,-0.9240336134453777,19.8,-0.4605602240896359
2013-04-08,18.97142857142857,0.28212885154061496,5.199999999999999,-1.7124929971988796
2013-04-15,16.87142857142857,-1.1964705882352946,18.3,0.4457142857142856
2013-04-22,17.057142857142857,-0.5024649859943976,0.9,-2.349019607843137
2013-04-29,16.785714285714285,0.16240896358543466,0.0,-2.046218487394958
2013-05-06,16.17142857142857,0.455910364145658,2.2,-1.630252100840336
2013-05-13,14.985714285714286,-0.1890196078431379,1.2,-1.9159663865546217
2013-05-20,14.157142857142857,-0.537478991596639,51.4,4.832941176470588
2013-05-27,15.471428571428572,1.4800000000000004,29.5,1.23703081232493
2013-06-03,14.62857142857143,1.3121008403361352,0.0,-2.702745098039216
2013-06-10,13.771428571428572,0.8121568627450984,8.1,-0.9575350140056023
2013-06-17,11.942857142857141,-0.6411764705882353,11.899999999999999,0.026442577030812382
2013-06-24,13.514285714285714,1.3201680672268907,60.599999999999994,6.458711484593837
2013-07-01,12.428571428571429,0.3680112044817925,0.0,-2.3373669467787113
2013-07-08,12.014285714285714,-0.0011204481792719584,8.3,-0.4030812324929972
2013-07-15,14.814285714285715,2.705210084033614,7.300000000000001,-0.09170868347338931
2013-07-22,11.828571428571427,-0.6150140056022406,0.0,-1.5483473389355742
2013-07-29,13.271428571428572,0.7074509803921575,0.8,-1.5203361344537816
2013-08-05,12.77142857142857,0.1612885154061622,6.6,-0.5133333333333333
2013-08-12,14.014285714285714,1.0553501400560221,0.6,-1.8250980392156861
2013-08-19,12.885714285714286,-0.5051540616246497,0.39999999999999997,-2.200056022408963
2013-08-26,15.557142857142855,1.5238095238095235,0.7,-1.7329411764705882
2013-09-02,16.885714285714286,2.1012324929971986,1.2,-1.129467787114846
2013-09-09,17.014285714285712,1.6278991596638648,8.1,-0.277703081232493
2013-09-16,16.228571428571428,0.34649859943977596,19.4,1.2128851540616243
2013-09-23,18.67142857142857,2.2756337535014013,0.0,-1.7733228291316527
2013-09-30,18.157142857142855,1.1480777310924368,4.5,-1.470798319327731
2013-10-07,19.32857142857143,1.8892857142857153,2.1,-1.9369642857142857
2013-10-14,17.97142857142857,0.1710714285714288,0.3,-1.9044642857142855
2013-10-21,19.785714285714285,1.5830952380952386,0.0,-1.9167261904761905
2013-10-28,18.75714285714286,0.29559523809523724,0.1,-2.6288095238095237
2013-11-04,18.771428571428572,-0.10190476190476312,8.7,-1.5295238095238095
2013-11-11,17.52857142857143,-1.6959523809523804,90.9,10.447976190476192
2013-11-18,18.957142857142856,-0.8681547619047615,57.00000000000001,5.4594047619047625
2013-11-25,18.014285714285712,-2.5052380952380964,9.1,-1.4073214285714286
2013-12-02,19.428571428571427,-1.4688095238095258,0.0,-2.5148809523809526
2013-12-09,21.914285714285715,0.7204166666666662,8.0,-0.9979166666666668
2013-12-16,22.485714285714288,1.1079761904761922,1.8,-1.949702380952381
2013-12-23,21.414285714285715,-0.15433473389355662,16.7,0.49027310924369744
2013-12-30,21.885714285714283,-0.07098739495798208,1.8,-2.176526610644258
2014-01-06,20.857142857142858,-1.5065406162464978,4.7,-2.724453781512605
2014-01-13,22.942857142857143,0.4580392156862741,0.0,-3.1563025210084033
2014-01-20,21.357142857142858,-1.4139495798319324,8.3,-1.9478431372549019
2014-01-27,22.514285714285712,-0.39904761904762004,0.0,-3.101176470588235
2014-02-03,21.12857142857143,-1.446050420168066,1.3,-3.6693557422969185
2014-02-10,22.314285714285713,-0.048459383753500465,31.0,0.6523809523809528
2014-02-17,20.928571428571427,-1.2994957983193263,21.6,-0.33770308123249293
2014-02-24,21.02857142857143,-1.044481792717088,26.0,-0.4517086834733891
2014-03-03,21.657142857142855,-0.11355742296918793,3.9,-3.511428571428571
2014-03-10,21.97142857142857,0.5415686274509811,8.9,-2.847843137254902
2014-03-17,21.385714285714283,0.31675070028011276,8.0,-3.0443137254901957
2014-03-24,20.457142857142856,0.06862745098039369,60.1,4.927843137254903
2014-03-31,20.385714285714283,0.8122689075630249,12.4,-1.6665546218487395
2014-04-07,19.400000000000002,0.6277310924369743,12.9,-0.6529971988795519
2014-04-14,17.7,-0.44201680672269106,1.4,-1.9938935574229693
2014-04-21,18.142857142857142,0.49450980392156857,3.8,-1.9040336134453781
2014-04-28,16.4,-0.36969187675069953,8.8,-0.8369187675070027
2014-05-05,15.342857142857143,-0.5046498599439779,2.3,-1.663249299719888
2014-05-12,16.52857142857143,1.3109243697478985,1.2,-1.7923809523809522
2014-05-19,17.614285714285717,2.8428011204481796,0.0,-2.4895238095238095
2014-05-26,17.6,3.4836974789915973,3.5999999999999996,-2.4505882352941173
2014-06-02,14.585714285714285,1.2056582633053226,17.8,-0.1691316526610644
2014-06-09,14.257142857142856,1.2471708683473388,11.7,-0.6033053221288517
2014-06-16,13.62857142857143,0.9789915966386558,0.0,-1.6745098039215685
2014-06-23,13.271428571428572,1.0554061624649855,0.7,-1.9896918767507004
2014-06-30,11.642857142857142,-0.43815126050420183,0.0,-2.3705322128851543
2014-07-07,11.6,-0.42577030812324984,0.0,-1.7279551820728292
2014-07-14,12.299999999999999,0.2298039215686278,3.8000000000000003,-0.5718207282913166
2014-07-21,12.885714285714286,0.4861064425770313,11.0,0.07725490196078441
2014-07-28,13.799999999999999,1.2410084033613449,0.2,-1.6287955182072829
2014-08-04,12.457142857142857,-0.1380952380952376,0.1,-1.4644257703081232
2014-08-11,12.114285714285714,-0.7651540616246498,39.5,3.8514845938375353
2014-08-18,13.257142857142856,-0.08974789915966344,32.6,2.372997198879552
2014-08-25,13.985714285714286,0.06778711484593865,28.5,2.139719887955182
2014-09-01,13.342857142857143,-1.3346778711484593,16.8,1.0952380952380953
2014-09-08,15.357142857142858,0.03400560224089588,3.0,-0.9900280112044818
2014-09-15,14.714285714285714,-1.0893557422969191,0.0,-1.5308123249299719
2014-09-22,15.900000000000002,-0.41037815126050325,7.2,-0.6978991596638655
2014-09-29,18.414285714285715,1.4788935574229696,0.30000000000000004,-2.0423879551820727
2014-10-06,18.657142857142855,1.2707948179271706,3.3999999999999995,-1.775077030812325
2014-10-13,15.657142857142857,-2.0929166666666665,78.4,9.268392857142857
2014-10-20,18.257142857142856,0.12267857142857252,0.5,-1.830892857142857
2014-10-27,20.485714285714288,2.0498214285714282,1.1,-2.4292261904761903
2014-11-03,18.014285714285712,-0.8147023809523825,5.3,-1.9882738095238095
2014-11-10,19.642857142857142,0.48553571428571424,7.1,-1.5791666666666668
2014-11-17,21.285714285714285,1.5697023809523816,0.1,-2.6141071428571427
2014-11-24,20.557142857142857,0.1252976190476193,8.9,-1.4619642857142858
2014-12-01,22.67142857142857,1.8022619047619035,46.5,4.05422619047619
2014-12-08,20.24285714285714,-0.9014285714285718,51.1,5.200238095238096
2014-12-15,20.37142857142857,-0.9869047619047606,0.6,-2.158511904761905
2014-12-22,21.214285714285715,-0.32455182072829103,24.299999999999997,1.5292261904761906
2014-12-29,23.042857142857144,1.1723249299719904,11.2,-0.7087710084033615
2015-01-05,22.985714285714288,0.6358263305322142,44.099999999999994,3.076516106442577
2015-01-12,23.12857142857143,0.683585434173669,7.2,-2.282857142857143
2015-01-19,22.685714285714287,-0.05394957983193243,12.700000000000001,-1.309299719887955
2015-01-26,19.571428571428573,-3.3504201680672274,34.199999999999996,1.9417366946778714
2015-02-02,20.957142857142856,-1.6816806722689068,4.3,-3.244257703081232
2015-02-09,22.97142857142857,0.606442577030813,18.4,-1.158767507002801
2015-02-16,23.0,0.7548459383753513,5.6000000000000005,-2.656470588235294
2015-02-23,22.285714285714285,0.1791596638655457,20.5,-1.1166386554621848
2015-03-02,21.385714285714283,-0.43747899159663967,3.4000000000000004,-3.646610644257703
2015-03-09,21.185714285714287,-0.28638655462184864,11.100000000000001,-2.5209523809523806
2015-03-16,21.042857142857144,-0.08655462184873894,0.9,-4.032997198879552
2015-03-23,19.957142857142856,-0.5544537815126047,17.3,-1.3112605042016805
2015-03-30,19.714285714285715,0.011820728291317448,65.4,5.851540616246498
2015-04-06,17.52857142857143,-1.333109243697479,12.0,-0.8702521008403361
2015-04-13,19.042857142857144,0.821848739495797,10.8,-0.6859383753501399
2015-04-20,16.242857142857144,-1.4849299719887958,200.7,26.284593837535017
2015-04-27,16.6,-0.31910364145658193,36.6,3.048067226890756
2015-05-04,15.642857142857142,-0.3351260504201688,0.2,-1.999159663865546
2015-05-11,14.685714285714285,-0.5799439775910368,1.2,-1.6992156862745098
2015-05-18,15.528571428571428,0.6798319327731094,8.2,-1.302521008403361
2015-05-25,14.200000000000001,-0.03445378151260441,0.7,-2.8101960784313724
2015-06-01,12.042857142857143,-1.4082352941176466,0.7999999999999999,-2.6285154061624647
2015-06-08,14.385714285714286,1.3210084033613447,0.7,-2.324481792717087
2015-06-15,13.357142857142858,0.6468347338935574,44.9,4.755854341736694
2015-06-22,13.0,0.7518767507002799,2.5,-1.6385994397759103
2015-06-29,11.057142857142859,-1.0483473389355742,1.0,-2.2496918767507004
2015-07-06,10.657142857142857,-1.3717647058823539,4.5,-1.236358543417367
2015-07-13,10.214285714285714,-1.830196078431372,20.5,1.8174789915966387
2015-07-20,12.757142857142856,0.40745098039215727,3.0,-0.9928851540616245
2015-07-27,12.700000000000001,0.14246498599439836,0.4,-1.5873949579831932
2015-08-03,10.842857142857143,-1.7305322128851537,0.0,-1.5242577030812325
2015-08-10,12.428571428571429,-0.38039215686274525,0.3,-1.6432492997198878
2015-08-17,14.142857142857142,0.8365826330532212,15.9,-0.01943977591036372
2015-08-24,14.142857142857142,0.33988795518207277,18.4,0.6268907563025211
2015-08-31,13.657142857142858,-0.9135574229691874,10.4,0.1263865546218487
2015-09-07,14.971428571428572,-0.279775910364146,0.2,-1.3764145658263305
2015-09-14,15.828571428571427,0.09742296918767426,9.3,-0.1670588235294117
2015-09-21,13.828571428571427,-2.41172969187675,5.1000000000000005,-0.9625140056022408
2015-09-28,18.457142857142856,1.6174089635854345,0.0,-2.065052521008403
2015-10-05,19.97142857142857,2.6340126050420167,1.7000000000000002,-2.0059138655462183
2015-10-12,19.7,2.009107142857143,7.4,-0.8895833333333333
2015-10-19,19.657142857142855,1.5840476190476203,25.8,1.8052380952380946
2015-10-26,18.8,0.39273809523809483,10.5,-1.0136904761904764
2015-11-02,19.571428571428573,0.7956547619047615,28.3,1.324702380952381
2015-11-09,19.0,-0.10410714285714359,23.0,0.6276785714285715
2015-11-16,21.314285714285713,1.69702380952381,1.4,-2.368809523809524
2015-11-23,21.3,0.9618452380952373,2.5,-2.41125
2015-11-30,20.657142857142855,-0.17738095238095397,1.6,-2.4045833333333335
2015-12-07,22.085714285714285,1.000595238095237,3.4,-1.6251785714285716
2015-12-14,22.714285714285715,1.3766666666666671,13.6,-0.31809523809523826
2015-12-21,20.400000000000002,-1.1222864145658253,55.800000000000004,5.963686974789916
2015-12-28,19.685714285714287,-2.1014915966386547,2.8,-1.753953081232493
2016-01-04,19.599999999999998,-2.711586134453781,109.8,12.643000700280112
2016-01-11,21.957142857142856,-0.47142857142857153,27.099999999999998,0.424313725490196
2016-01-18,23.485714285714288,0.7966946778711476,32.9,1.5400560224089637
2016-01-25,22.75714285714286,-0.17260504201680657,27.5,1.0614005602240897
2016-02-01,21.414285714285715,-1.2873389355742286,6.0,-2.916974789915966
2016-02-08,22.7,0.3227450980392165,3.1,-3.362801120448179
2016-02-15,22.457142857142856,0.19585434173669622,3.8000000000000003,-2.9629691876750703
2016-02-22,24.12857142857143,1.9926050420168064,1.9,-3.6316526610644257
2016-02-29,23.2,1.3243137254901944,1.4,-3.9670028011204477
2016-03-07,24.2,2.6864985994397763,0.4,-4.0275630252100845
2016-03-14,21.099999999999998,-0.0864985994397759,19.2,-1.4606162464985992
2016-03-21,20.057142857142857,-0.5686274509803911,7.3,-2.84375350140056
2016-03-28,20.771428571428572,0.9471708683473403,9.8,-2.0949579831932774
2016-04-04,20.842857142857145,1.88330532212885,5.1,-2.0116526610644256
2016-04-11,19.47142857142857,1.1632492997198867,14.100000000000001,-0.23126050420168046
2016-04-18,18.728571428571428,0.9251540616246494,9.8,-0.9108683473389355
2016-04-25,19.5,2.433445378151261,1.8,-2.0204481792717086
2016-05-02,17.914285714285715,1.8114845938375352,1.2,-1.867675070028011
2016-05-09,17.185714285714287,1.864201680672269,5.4,-1.0307002801120446
2016-05-16,16.985714285714284,2.054845938375349,0.0,-2.4501400560224087
2016-05-23,14.5,0.1578711484593838,4.1,-2.261064425770308
2016-05-30,14.857142857142858,1.3242577030812328,136.1,16.660336134453782
2016-06-06,14.385714285714286,1.2709243697478994,11.3,-0.9321568627450982
2016-06-13,14.5,1.7303641456582628,37.1,3.6252661064425773
2016-06-20,12.657142857142857,0.35719887955182067,1.2000000000000002,-1.7438655462184873
2016-06-27,10.842857142857143,-1.2783753501400559,5.3999999999999995,-1.6000560224089637
2016-07-04,12.671428571428573,0.6394957983193272,30.800000000000004,2.370196078431373
2016-07-11,12.671428571428573,0.6444257703081233,0.1,-1.1491316526610642
2016-07-18,15.242857142857144,2.9384873949579835,31.1,3.1076190476190475
2016-07-25,12.12857142857143,-0.41809523809523796,0.0,-1.6244817927170867
2016-08-01,12.814285714285715,0.2549019607843141,22.9,1.7084593837535014
2016-08-08,13.442857142857141,0.6962464985994397,0.1,-1.6012885154061625
2016-08-15,14.271428571428572,1.01563025210084,0.4,-2.1966386554621846
2016-08-22,11.957142857142857,-1.740112044817927,41.199999999999996,3.8245938375350144
2016-08-29,14.942857142857141,0.48156862745098017,30.8,2.9684593837535016
2016-09-05,15.814285714285715,0.6436974789915964,4.1,-0.8038095238095239
2016-09-12,15.9,0.23417366946778653,18.6,1.1896918767507
2016-09-19,15.614285714285714,-0.5528606442577024,11.2,-0.07756652661064425
2016-09-26,15.214285714285714,-1.5382808123249292,6.4,-1.0944397759103641
2016-10-03,17.614285714285714,0.3383928571428572,1.4,-2.027412464985994
2016-10-10,17.085714285714285,-0.5495833333333324,0.5,-1.9244642857142857
2016-10-17,17.2,-0.8186904761904751,13.3,0.03029761904761909
2016-10-24,18.085714285714285,-0.2827976190476197,9.4,-1.0575
2016-10-31,18.542857142857144,-0.17184523809523963,0.0,-2.689107142857143
2016-11-07,20.599999999999998,1.5462499999999995,18.7,-0.06601190476190455
2016-11-14,19.2,-0.33696428571428527,2.2,-2.187738095238095
2016-11-21,20.67142857142857,0.4314880952380956,3.9,-2.234642857142857
2016-11-28,22.042857142857144,1.2502380952380945,0.2,-2.6454166666666667
2016-12-05,21.542857142857144,0.519999999999999,13.700000000000001,-0.1823214285714285
2016-12-12,22.457142857142856,1.1369047619047623,35.199999999999996,2.7520833333333328
2016-12-19,21.271428571428572,-0.22924369747898968,1.7999999999999998,-1.7893942577030815
2016-12-26,24.857142857142858,3.1627205882352953,1.2,-1.8831687675070028
2017-01-02,21.87142857142857,-0.3373669467787102,11.6,-1.06171918767507
2017-01-09,25.485714285714288,3.1019047619047626,3.5,-3.097591036414566
2017-01-16,23.985714285714288,1.3857703081232482,20.4,-0.2130532212885153
2017-01-23,23.928571428571427,1.0352941176470598,8.3,-1.7221848739495798
2017-01-30,25.985714285714288,3.17921568627451,5.8,-2.7512605042016807
2017-02-06,26.071428571428573,3.624649859943978,19.1,-1.0343417366946777
2017-02-13,22.75714285714286,0.45182072829131875,55.7,4.337254901960784
2017-02-20,21.75714285714286,-0.4200560224089637,27.5,0.23725490196078422
2017-02-27,21.842857142857145,-0.1133333333333343,57.3,3.956134453781513
2017-03-06,20.085714285714285,-1.5266666666666662,9.3,-2.698767507002801
2017-03-13,22.099999999999998,0.8001120448179277,142.1,16.124593837535013
2017-03-20,22.24285714285714,1.4257703081232498,19.2,-1.3326610644257701
2017-03-27,20.785714285714285,0.7292997198879557,29.1,0.6203921568627452
2017-04-03,18.071428571428573,-1.1113165266106435,51.6,4.358823529411765
2017-04-10,16.857142857142858,-1.6407843137254914,10.7,-0.8330532212885153
2017-04-17,18.27142857142857,0.3281792717086824,8.8,-0.9437535014005601
2017-04-24,16.428571428571427,-0.9087955182072834,2.7,-2.03484593837535
2017-05-01,16.27142857142857,-0.08117647058823506,2.9,-1.6320448179271707
2017-05-08,14.414285714285715,-1.0650420168067234,6.4,-0.8740056022408963
2017-05-15,15.528571428571428,0.4541736694677872,19.6,0.47394957983193287
2017-05-22,14.9,0.36750700280112064,1.8000000000000003,-2.382016806722689
2017-05-29,12.314285714285715,-1.4301400560224082,1.7,-2.676862745098039
2017-06-05,13.457142857142857,0.25142857142857167,59.8,5.890140056022409
2017-06-12,14.285714285714286,1.4174789915966386,5.9,-1.0370308123249299
2017-06-19,12.557142857142859,0.11910364145658241,3.9000000000000004,-1.193389355742297
2017-06-26,10.157142857142857,-2.000896358543418,1.3,-2.1230252100840334
2017-07-03,11.0,-1.0325490196078433,0.7,-2.1529971988795515
2017-07-10,10.885714285714286,-1.1284033613445381,10.1,0.0958543417366948
2017-07-17,11.242857142857144,-0.9539495798319321,0.1,-1.179831932773109
2017-07-24,13.271428571428572,0.7506442577030812,2.1,-1.2858823529411763
2017-07-31,12.642857142857142,0.08890756302521043,24.1,1.8367507002801122
2017-08-07,13.428571428571429,0.767450980392157,0.0,-1.492268907563025
2017-08-14,13.657142857142857,0.5425210084033607,1.2,-1.9664425770308125
2017-08-21,11.642857142857142,-1.8718767507002796,5.1,-1.4359103641456579
2017-08-28,12.271428571428572,-1.9840896358543418,0.3,-1.561736694677871
2017-09-04,13.257142857142856,-1.7326610644257705,0.0,-1.3578151260504203
2017-09-11,15.557142857142859,0.037086834733892564,5.5,-0.6638655462184875
2017-09-18,18.271428571428572,2.2411659663865544,0.1,-1.6216806722689074
2017-09-25,17.62857142857143,1.0508788515406178,0.0,-1.8643557422969188
2017-10-02,17.7,0.5602275910364146,2.3,-1.861642156862745
2017-10-09,19.25714285714286,1.7228571428571438,5.1000000000000005,-1.3958928571428568
2017-10-16,17.785714285714285,-0.12154761904761838,23.3,1.410059523809524
2017-10-23,19.342857142857145,1.0358333333333332,8.5,-0.8760119047619048
2017-10-30,17.885714285714286,-0.6758333333333341,26.7,1.1216666666666666
2017-11-06,16.928571428571427,-2.029166666666667,35.5,2.2455952380952384
2017-11-13,19.3,-0.08714285714285655,7.9,-1.3120833333333333
2017-11-20,20.314285714285713,0.26678571428571474,3.8,-2.210714285714286
2017-11-27,21.985714285714288,1.3095238095238082,29.2,1.4714880952380953
2017-12-04,20.057142857142857,-0.8705952380952385,25.8,1.350535714285714
2017-12-11,23.3,2.024583333333333,2.0,-1.9225
2017-12-18,24.214285714285715,2.785654761904764,13.3,-0.24369047619047615
2017-12-25,22.642857142857142,1.0037009803921586,6.699999999999999,-0.9563550420168067
2018-01-01,22.900000000000002,0.7628641456582648,3.6,-2.0881197478991598
2018-01-08,23.12857142857143,0.7602801120448177,19.7,-0.7791036414565825
2018-01-15,20.785714285714285,-1.780336134453783,1.2999999999999998,-2.91703081232493
2018-01-22,24.785714285714285,1.937422969187676,4.2,-2.412436974789916
2018-01-29,21.114285714285717,-1.7366386554621838,18.299999999999997,-0.8292436974789918
2018-02-05,22.82857142857143,0.3450980392156871,0.4,-3.6954621848739495
2018-02-12,24.057142857142857,1.7208403361344549,4.1,-3.067114845938375
2018-02-19,22.357142857142858,0.16285714285714295,32.7,1.059719887955182
2018-02-26,21.071428571428573,-0.9211204481792734,16.400000000000002,-1.9053221288515405
2018-03-05,21.12857142857143,-0.5379271708683478,13.700000000000001,-2.0587114845938372
2018-03-12,22.900000000000002,1.5550140056022421,21.099999999999998,-1.1312044817927172
2018-03-19,21.728571428571428,0.8223529411764713,32.2,0.42470588235294127
2018-03-26,21.37142857142857,1.2039215686274518,0.3,-3.4865546218487395
2018-04-02,21.914285714285715,2.6080672268907565,0.8,-3.04078431372549
2018-04-09,23.228571428571428,4.630476190476189,0.1,-2.3944537815126052
2018-04-16,19.571428571428573,1.5690196078431369,1.7,-1.9336134453781513
2018-04-23,17.62857142857143,0.17176470588235304,14.600000000000001,-0.3874509803921568
2018-04-30,16.67142857142857,0.18582633053221315,3.8000000000000003,-1.494453781512605
2018-05-07,15.4,-0.18817927170868412,8.1,-0.7124369747899159
2018-05-14,13.728571428571428,-1.401344537815127,0.8,-2.0923249299719884
2018-05-21,14.714285714285714,0.10011204481792697,0.2,-2.528347338935574
2018-05-28,13.928571428571429,0.06022408963585514,7.2,-1.9300840336134455
2018-06-04,13.6,0.3440336134453779,44.699999999999996,3.6964145658263305
2018-06-11,12.12857142857143,-0.7868907563025209,1.4,-1.7910364145658264
2018-06-18,11.6,-0.9104201680672269,11.1,-0.11742296918767504
2018-06-25,10.799999999999999,-1.3759663865546223,22.200000000000003,0.9178711484593839
2018-07-02,13.157142857142857,1.1120448179271705,2.4000000000000004,-1.981624649859944
2018-07-09,9.771428571428572,-2.2380392156862747,0.2,-1.4142857142857144
2018-07-16,11.4,-0.7524929971988789,0.0,-1.1608963585434176
2018-07-23,12.842857142857143,0.35798319327731065,0.5,-1.5011764705882353
2018-07-30,12.857142857142858,0.2948459383753507,0.5,-1.5501400560224088
2018-08-06,12.828571428571427,0.1966386554621852,3.1,-1.020392156862745
2018-08-13,13.285714285714286,0.25081232492997174,0.0,-2.0324929971988794
2018-08-20,11.799999999999999,-1.6475630252100841,10.0,-0.7802801120448178
2018-08-27,11.357142857142858,-2.7878431372549017,7.0,-0.7202240896358544
2018-09-03,13.757142857142856,-1.1343977591036416,27.3,2.5807843137254904
2018-09-10,16.02857142857143,0.5796078431372536,0.0,-1.4513165266106445
2018-09-17,14.357142857142858,-1.6019887955182075,3.2,-1.1371603641456582
2018-09-24,13.942857142857141,-2.5444712885154055,12.6,-0.007965686274509696
2018-10-01,15.6,-1.4764635854341737,76.7,8.792111344537814
2018-10-08,16.085714285714285,-1.3969047619047612,24.5,1.3183928571428574
2018-10-15,19.2,1.3439880952380956,22.2,1.2230952380952382
2018-10-22,17.614285714285714,-0.646369047619048,8.2,-0.8013095238095238
2018-10-29,21.342857142857145,2.8405357142857137,1.8,-2.424464285714286
2018-11-05,19.0,0.08761904761904635,25.799999999999997,0.8680357142857141
2018-11-12,18.52857142857143,-0.7755952380952387,10.9,-0.9114880952380952
2018-11-19,19.185714285714287,-0.7561309523809514,4.4,-2.1067261904761905
2018-11-26,18.87142857142857,-1.7311309523809533,68.0,7.027380952380953
2018-12-03,20.542857142857144,-0.37023809523809653,2.0,-2.148214285714286
2018-12-10,21.97142857142857,0.7328571428571422,21.3,0.8706547619047618
2018-12-17,21.185714285714287,-0.21196428571428275,16.5,0.1732142857142856
2018-12-24,23.142857142857142,1.536302521008405,0.0,-1.8765056022408966
2018-12-31,24.185714285714287,2.141971288515407,8.3,-1.3421918767507004
2019-01-07,22.928571428571427,0.5614425770308132,7.6,-2.431344537815126
2019-01-14,24.685714285714287,2.1592156862745093,0.1,-3.082464985994398
2019-01-21,24.957142857142856,2.147450980392157,10.3,-1.6234173669467786
2019-01-28,24.814285714285713,1.930812324929972,20.9,-0.30616246498599425
2019-02-04,24.042857142857144,1.5163025210084033,4.6,-3.1249299719887955
2019-02-11,22.571428571428573,0.21658263305322173,0.5,-3.6420728291316524
2019-02-18,21.942857142857143,-0.2675630252100823,41.1,2.359439775910364
2019-02-25,22.414285714285715,0.3796638655462168,4.4,-3.589803921568627
2019-03-04,22.957142857142856,1.239327731092436,7.2,-3.0069467787114843
2019-03-11,21.614285714285717,0.22621848739495828,126.6,13.95501400560224
2019-03-18,21.442857142857143,0.45142857142857246,11.0,-2.6315966386554623
2019-03-25,19.857142857142858,-0.4196078431372539,39.4,2.038263305322129
2019-04-01,19.17142857142857,-0.26689075630252085,9.0,-2.0034173669467785
2019-04-08,18.485714285714288,-0.2035854341736711,6.5,-1.5267787114845939
2019-04-15,18.942857142857143,0.8749579831932763,1.6,-1.94
2019-04-22,18.47142857142857,0.9118207282913163,2.9,-2.0633053221288513
2019-04-29,18.014285714285712,1.3909803921568638,24.3,1.4252100840336135
2019-05-06,14.242857142857144,-1.4726610644257712,2.3,-1.6159663865546217
2019-05-13,15.514285714285714,0.3395518207282911,1.0,-1.9445378151260502
2019-05-20,16.52857142857143,1.8339495798319334,0.5,-2.4384873949579826
2019-05-27,12.771428571428572,-1.2199999999999993,5.4,-2.2058263305322128
2019-06-03,12.314285714285715,-1.0021848739495796,30.8,1.6972549019607839
2019-06-10,14.37142857142857,1.412156862745098,15.200000000000001,0.05675070028011194
2019-06-17,11.357142857142858,-1.2268907563025218,17.0,0.7550140056022409
2019-06-24,13.557142857142859,1.3630252100840339,13.200000000000001,-0.3127170868347338
2019-07-01,12.957142857142857,0.896582633053221,8.3,-1.1516526610644255
2019-07-08,12.299999999999999,0.284593837535014,0.4,-1.5316526610644257
2019-07-15,12.12857142857143,0.01949579831932827,0.0,-1.1345658263305323
2019-07-22,12.928571428571429,0.4849859943977593,0.2,-1.5197759103641455
2019-07-29,12.071428571428571,-0.4925490196078423,14.2,0.3939495798319328
2019-08-05,11.585714285714285,-1.0244257703081232,0.3,-1.4133333333333333
2019-08-12,11.885714285714286,-1.0732212885154069,0.3,-1.8679551820728293
2019-08-19,13.085714285714285,-0.3051540616246494,0.7,-2.1571988795518204
2019-08-26,13.242857142857144,-0.7904761904761904,58.0,6.452773109243698
2019-09-02,14.328571428571427,-0.4559103641456583,0.6,-1.2151820728291316
2019-09-09,13.700000000000001,-1.6863865546218493,2.1,-1.1348459383753502
2019-09-16,16.442857142857143,0.5607843137254894,82.5,10.22717086834734
2019-09-23,14.742857142857144,-1.6529376750700273,3.3,-1.3018942577030812
2019-09-30,17.24285714285714,0.23379201680672246,13.4,-0.1993697478991597
2019-10-07,14.742857142857144,-2.6964285714285703,17.7,0.29160714285714284
2019-10-14,17.114285714285714,-0.6860714285714286,2.0,-1.6616071428571428
2019-10-21,19.514285714285712,1.311666666666667,0.0,-1.9167261904761905
2019-10-28,19.82857142857143,1.3670238095238088,12.600000000000001,-0.8430952380952379
2019-11-04,18.557142857142857,-0.3161904761904774,9.4,-1.4295238095238094
2019-11-11,19.585714285714285,0.36119047619047606,2.5,-2.180595238095238
2019-11-18,20.314285714285713,0.4889880952380956,6.1000000000000005,-1.8120238095238095
2019-11-25,21.014285714285712,0.49476190476190446,7.4,-1.6501785714285713
2019-12-02,21.52857142857143,0.6311904761904741,0.8999999999999999,-2.3863095238095235
2019-12-09,21.085714285714285,-0.10815476190476302,5.7,-1.3264880952380955
2019-12-16,21.8,0.42226190476190695,0.1,-2.192559523809524
2019-12-23,22.842857142857145,1.2742366946778725,7.0,-0.8954411764705883
2019-12-30,24.599999999999998,2.643298319327733,2.8,-2.033669467787115
2020-01-06,22.514285714285712,0.1506022408963586,17.8,-0.8530252100840336
2020-01-13,21.714285714285715,-0.7705322128851547,61.10000000000001,5.572268907563026
2020-01-20,25.014285714285712,2.243193277310925,14.5,-1.0621288515406164
2020-01-27,25.5,2.5866666666666656,10.0,-1.6726050420168066
2020-02-03,21.5,-1.0746218487394954,216.7,27.102072829131657
2020-02-10,22.685714285714287,0.32296918767507066,44.0,2.50952380952381
2020-02-17,21.67142857142857,-0.556638655462183,11.9,-1.7234173669467787
2020-02-24,22.114285714285717,0.04123249299719741,2.9,-3.7517086834733893
2020-03-02,21.25714285714286,-0.513557422969188,74.3,6.5457142857142845
2020-03-09,18.485714285714288,-2.944145658263306,23.3,-0.7907002801120447
2020-03-16,20.5,-0.5689635854341734,9.4,-2.844313725490196
2020-03-23,19.271428571428572,-1.1170868347338931,23.1,-0.3578711484593837
2020-03-30,20.057142857142857,0.48369747899159676,27.0,0.41915966386554626
2020-04-06,17.17142857142857,-1.6008403361344539,44.3,3.8327170868347333
2020-04-13,17.52857142857143,-0.6134453781512619,1.7,-1.9510364145658265
2020-04-20,17.52857142857143,-0.11977591036414584,0.0,-2.4468907563025213
2020-04-27,16.428571428571427,-0.3411204481792713,18.4,0.5345098039215687
2020-05-04,15.5,-0.34750700280112085,0.9,-1.863249299719888
2020-05-11,12.985714285714286,-2.2319327731092438,8.0,-0.8209523809523809
2020-05-18,14.5,-0.27148459383753554,61.5,6.296190476190476
2020-05-25,14.171428571428573,0.05512605042016868,27.8,1.0065546218487396
2020-06-01,11.685714285714285,-1.6943417366946771,5.3,-1.95484593837535
2020-06-08,13.942857142857141,0.9328851540616245,33.099999999999994,2.4538375350140056
2020-06-15,12.714285714285714,0.0647058823529412,7.8999999999999995,-0.54593837535014
2020-06-22,11.142857142857142,-1.073165266106443,2.7,-1.7039775910364146
2020-06-29,12.1,0.018991596638655444,6.7,-1.413389355742297
2020-07-06,11.585714285714285,-0.4400560224089643,12.3,0.029187675070028174
2020-07-13,12.242857142857144,0.17266106442577087,20.2,1.7710364145658262
2020-07-20,11.385714285714286,-1.013893557422969,79.3,9.83439775910364
2020-07-27,12.714285714285714,0.1552941176470597,36.4,3.542633053221288
2020-08-03,11.028571428571428,-1.5666666666666667,44.5,4.878431372549019
2020-08-10,13.385714285714286,0.5062745098039214,20.0,1.065770308123249
2020-08-17,12.485714285714286,-0.8611764705882349,1.9,-2.012717086834734
2020-08-24,11.557142857142859,-2.3607843137254902,0.1,-1.917422969187675
2020-08-31,15.914285714285715,1.2367507002801117,9.799999999999999,0.09523809523809515
2020-09-07,15.071428571428571,-0.2517086834733898,17.400000000000002,1.0671148459383752
2020-09-14,16.8,0.9963585434173672,14.6,0.5549019607843138
2020-09-21,15.885714285714286,-0.424663865546218,4.7,-1.0550420168067227
2020-09-28,16.15714285714286,-0.7782492997198869,1.1,-1.9281022408963584
2020-10-05,18.485714285714288,1.0993662464985994,8.8,-1.0036484593837536
2020-10-12,18.599999999999998,0.8499404761904756,4.5,-1.28875
2020-10-19,17.814285714285713,-0.32017857142857004,47.5,4.883392857142858
2020-10-26,15.957142857142857,-2.4787500000000002,90.19999999999999,10.299345238095238
2020-11-02,16.32857142857143,-2.5004166666666685,30.3,1.583154761904762
2020-11-09,18.985714285714288,-0.1716071428571426,20.200000000000003,0.2922619047619049
2020-11-16,21.185714285714287,1.4697023809523817,0.9,-2.499821428571429
2020-11-23,23.042857142857144,2.6110119047619045,6.699999999999999,-1.7762499999999999
2020-11-30,21.585714285714285,0.7165476190476175,10.4,-1.1029166666666668
2020-12-07,19.442857142857143,-1.701428571428572,3.7,-1.5711904761904762
2020-12-14,22.0,0.6416666666666687,50.8,5.0129166666666665
2020-12-21,20.414285714285715,-1.1245518207282912,35.9,3.186369047619048
2020-12-28,20.17142857142857,-1.6414390756302504,34.4,2.6574019607843136
2021-01-04,20.5,-1.8115861344537794,11.799999999999999,-1.356999299719888
2021-01-11,21.942857142857143,-0.4857142857142855,0.0,-3.4471148459383754
2021-01-18,22.314285714285713,-0.3747338935574237,3.0,-2.731372549019608
2021-01-25,22.814285714285713,-0.11546218487394963,41.0,2.989971988795518
2021-02-01,21.67142857142857,-1.0301960784313715,40.6,2.0258823529411765
2021-02-08,20.985714285714288,-1.3915406162464978,15.3,-1.6199439775910363
2021-02-15,21.428571428571427,-0.8327170868347318,21.5,-0.4343977591036414
2021-02-22,20.885714285714283,-1.250252100840336,29.400000000000002,0.29691876750700263
2021-03-01,20.271428571428572,-1.6042577030812335,5.2,-3.4241456582633054
2021-03-08,21.87142857142857,0.35792717086834813,34.9,0.9010084033613445
2021-03-15,19.728571428571428,-1.4579271708683461,161.9,18.925098039215687
2021-03-22,19.857142857142858,-0.768627450980392,79.5,7.4705322128851535
2021-03-29,19.057142857142857,-0.767114845938374,4.199999999999999,-2.8949579831932772
2021-04-05,19.271428571428572,0.3118767507002794,14.2,-0.7116526610644259
2021-04-12,16.185714285714287,-2.122464985994399,0.5,-2.1741176470588237
2021-04-19,14.771428571428572,-3.0319887955182074,0.4,-2.253725490196078
2021-04-26,16.271428571428572,-0.7951260504201682,3.4,-1.7918767507002802
2021-05-03,17.04285714285714,0.9400560224089632,76.3,8.860896358543418
2021-05-10,14.62857142857143,-0.6929411764705881,3.9,-1.244985994397759
2021-05-17,12.671428571428573,-2.259439775910365,3.1,-2.007282913165266
2021-05-24,14.014285714285714,-0.3278431372549017,3.0,-2.418207282913165
2021-05-31,11.657142857142857,-1.8757422969187671,14.600000000000001,-0.6968067226890754
2021-06-07,10.785714285714286,-2.3290756302521003,14.7,-0.4464425770308125
2021-06-14,12.257142857142856,-0.5124929971988796,28.1,2.3395518207282917
2021-06-21,12.942857142857141,0.6429131652661059,6.4,-1.0010084033613444
2021-06-28,11.914285714285715,-0.20694677871148492,11.7,-0.7000560224089636
2021-07-05,10.299999999999999,-1.7319327731092442,25.6,1.62733893557423
2021-07-12,12.471428571428572,0.4444257703081233,2.3,-0.8348459383753501
2021-07-19,11.085714285714285,-1.2186554621848735,0.39999999999999997,-1.278095238095238
2021-07-26,13.671428571428569,1.124761904761905,1.9,-1.3530532212885154
2021-08-02,12.62857142857143,0.06918767507002853,5.6,-0.7629691876750699
2021-08-09,13.485714285714286,0.7391036414565824,0.3,-1.572717086834734
2021-08-16,13.814285714285713,0.5584873949579825,0.3,-2.2109243697478993
2021-08-23,12.614285714285714,-1.0829691876750704,76.10000000000001,8.8103081232493
2021-08-30,14.942857142857141,0.48156862745098067,18.1,1.1541736694677873
2021-09-06,15.728571428571428,0.5579831932773105,0.5,-1.318095238095238
2021-09-13,13.87142857142857,-1.7943977591036424,12.9,0.37540616246498615
2021-09-20,14.914285714285715,-1.2528606442577026,5.199999999999999,-0.9347093837535014
2021-09-27,16.085714285714285,-0.6668522408963575,15.3,0.17698879551820731
2021-10-04,17.5,0.2241071428571428,12.7,-0.4131267507002802
2021-10-11,15.471428571428572,-2.163869047619046,43.0,4.146964285714286
2021-10-18,16.757142857142856,-1.2615476190476183,16.599999999999998,0.5017261904761904
2021-10-25,17.885714285714283,-0.4827976190476197,1.4,-2.200357142857143
2021-11-01,18.842857142857145,0.12815476190476055,34.6,2.25375
2021-11-08,17.857142857142858,-1.1966071428571432,43.7,3.5054166666666666
2021-11-15,17.185714285714287,-2.3512499999999994,27.9,1.4836904761904761
2021-11-22,18.25714285714286,-1.9827976190476184,47.6,4.008214285714286
2021-11-29,19.071428571428573,-1.7211904761904775,16.7,-0.2882738095238096
2021-12-06,18.385714285714283,-2.637142857142858,46.2,4.460535714285714
2021-12-13,21.385714285714283,0.06547619047619031,2.8,-1.8764880952380953
2021-12-20,22.514285714285712,1.0136134453781527,12.2,-0.30367997198879565
2021-12-27,20.585714285714285,-1.1296008403361333,19.6,0.7330182072829131
2022-01-03,23.085714285714285,0.8161309523809541,59.6,5.660920868347339
2022-01-10,23.457142857142856,1.0522689075630254,21.8,-0.43927170868347326
2022-01-17,21.5,-1.141344537815126,28.8,0.9638655462184873
2022-01-24,22.82857142857143,-0.09501400560224127,5.4,-2.08593837535014
2022-01-31,21.485714285714288,-1.269635854341736,33.4,1.0838095238095238
2022-02-07,21.071428571428573,-1.336918767507004,24.400000000000002,-0.31305322128851515
2022-02-14,22.357142857142858,0.07871148459383955,5.3999999999999995,-2.791540616246498
2022-02-21,22.099999999999998,-0.060560224089635586,117.6,13.009019607843138
2022-02-28,21.82857142857143,-0.09008403361344668,144.7,16.49770308123249
2022-03-07,20.12857142857143,-1.4325490196078436,113.7,12.170756302521008
2022-03-14,20.714285714285715,-0.5296918767507002,15.3,-2.0185994397759104
2022-03-21,19.928571428571427,-0.7988235294117645,48.900000000000006,3.011428571428572
2022-03-28,18.714285714285715,-1.2245938375350132,45.5,2.9747899159663866
2022-04-04,18.957142857142856,-0.11260504201680734,112.7,13.220392156862744
2022-04-11,18.128571428571426,-0.2698599439775933,10.3,-0.8225210084033614
2022-04-18,17.97142857142857,0.0933333333333332,15.0,-0.10745098039215671
2022-04-25,17.785714285714285,0.5784873949579831,21.2,0.6765266106442576
2022-05-02,15.200000000000001,-1.0245938375350143,8.100000000000001,-0.8930532212885153
2022-05-09,17.842857142857145,2.451148459383753,54.6,6.045658263305322
2022-05-16,14.671428571428573,-0.33787114845938476,26.799999999999997,1.4068347338935574
2022-05-23,13.957142857142857,-0.4845938375350133,22.4,0.4647058823529414
2022-05-30,11.228571428571428,-2.4009523809523805,8.4,-1.6615126050420166
2022-06-06,11.242857142857144,-1.9177030812324924,0.0,-2.6053221288515407
2022-06-13,11.728571428571428,-1.0935574229691876,3.2,-1.3169187675070029
2022-06-20,12.328571428571427,-0.03630252100840359,6.3999999999999995,-0.9115406162464986
2022-06-27,12.542857142857143,0.4039215686274508,124.5,15.438991596638655
2022-07-04,13.571428571428571,1.5421848739495798,118.9,14.831148459383753
2022-07-11,11.014285714285714,-1.0070028011204484,4.9,-0.5482913165266107
2022-07-18,12.471428571428572,0.22257703081232552,17.9,1.3026330532212886
2022-07-25,11.657142857142857,-0.8825210084033609,4.2,-0.9998319327731091
2022-08-01,14.514285714285716,1.962128851540617,11.6,0.0673389355742297
2022-08-08,12.214285714285714,-0.4818487394957978,19.6,1.2443137254901961
2022-08-15,12.742857142857144,-0.4489075630252106,1.6,-1.9718767507002801
2022-08-22,12.814285714285715,-0.7847058823529414,27.0,1.73406162464986
2022-08-29,14.728571428571428,0.37170868347338953,16.2,0.8112605042016805
2022-09-05,14.328571428571427,-0.7574229691876752,10.4,0.11042016806722676
2022-09-12,14.614285714285716,-0.976694677871149,12.299999999999999,0.29708683473389363
2022-09-19,15.328571428571427,-0.7716876750700281,23.5,1.7007808123249295
2022-09-26,14.571428571428571,-2.0948424369747887,28.5,2.132549019607843
2022-10-03,15.37142857142857,-1.8325,96.8,11.62205532212885
2022-10-10,16.12857142857143,-1.4613690476190462,14.4,0.0051785714285714135
2022-10-17,18.2,0.23982142857142946,28.5,2.1745238095238095
2022-10-24,19.014285714285712,0.6739880952380943,24.599999999999998,1.2707142857142855
2022-10-31,16.914285714285715,-1.7205357142857147,8.2,-1.517738095238095
2022-11-07,18.542857142857144,-0.4653571428571429,4.0,-2.222857142857143
2022-11-14,17.385714285714286,-2.0772023809523805,4.3,-1.8274404761904761
2022-11-21,18.485714285714288,-1.6574404761904755,5.9,-1.9530952380952382
2022-11-28,18.214285714285715,-2.525773809523811,2.9,-2.2586904761904765
2022-12-05,19.271428571428572,-1.6927380952380966,4.8,-1.5676190476190477
2022-12-12,17.842857142857145,-3.46047619047619,9.8,-0.8375595238095238
2022-12-19,18.857142857142858,-2.611488095238094,2.0,-1.8108333333333333
2022-12-26,21.557142857142857,-0.11538165266106352,7.9,-0.8618382352941177
2023-01-02,20.0,-2.208795518207281,92.30000000000001,10.466852240896358
2023-01-09,21.542857142857144,-0.8409523809523805,4.4,-2.969019607843137
2023-01-16,21.042857142857144,-1.5570868347338944,34.0,1.7298039215686276
2023-01-23,22.842857142857145,-0.050420168067226205,10.0,-1.479327731092437
2023-01-30,22.042857142857144,-0.7636414565826323,31.2,0.8773109243697481
2023-02-06,22.5,0.05322128851540597,42.3,2.2799439775910364
2023-02-13,22.185714285714287,-0.1196078431372527,16.5,-1.2627450980392154
2023-02-20,21.942857142857143,-0.23434173669467842,33.6,1.108683473389356
2023-02-27,22.099999999999998,0.14380952380952244,31.9,0.32756302521008435
2023-03-06,22.857142857142858,1.2447619047619045,4.4,-3.3987675070028014
2023-03-13,22.814285714285713,1.5143977591036422,9.5,-2.818263305322129
2023-03-20,21.02857142857143,0.21148459383753604,40.3,1.6816246498599443
2023-03-27,19.400000000000002,-0.6564145658263304,22.3,-0.3510364145658263
2023-04-03,18.157142857142855,-1.025602240896358,12.6,-1.2126050420168066
2023-04-10,16.8,-1.6979271708683488,15.9,-0.09019607843137235
2023-04-17,17.342857142857145,-0.6003921568627452,21.5,0.870532212885154
2023-04-24,17.485714285714288,0.1483473389355738,26.3,1.3365826330532211
2023-05-01,14.314285714285715,-2.038319327731092,6.0,-1.189187675070028
2023-05-08,13.957142857142857,-1.5221848739495807,11.6,-0.13114845938375339
2023-05-15,13.028571428571428,-2.045826330532213,12.2,-0.5831932773109243
2023-05-22,11.87142857142857,-2.661064425770308,0.6,-2.55344537815126
2023-05-29,14.828571428571427,1.0841456582633062,1.0,-2.776862745098039
2023-06-05,13.385714285714286,0.18000000000000022,2.6,-2.2812885154061626
2023-06-12,12.0,-0.8682352941176473,1.3,-1.6941736694677871
2023-06-19,11.200000000000001,-1.238039215686275,9.2,-0.4362464985994396
2023-06-26,11.471428571428572,-0.6866106442577034,5.8,-1.4801680672268909
2023-07-03,12.671428571428573,0.6388795518207281,11.7,-0.5815686274509805
2023-07-10,12.928571428571429,0.9144537815126047,0.9,-1.2184313725490197
2023-07-17,11.428571428571429,-0.7682352941176465,5.4,-0.422689075630252
2023-07-24,13.37142857142857,0.850644257703081,4.0,-1.014453781512605
2023-07-31,13.842857142857143,1.2889075630252107,7.200000000000001,-0.5775350140056021
2023-08-07,13.028571428571428,0.3674509803921571,9.0,-0.2065546218487395
2023-08-14,12.557142857142859,-0.5574789915966392,20.2,0.747843137254902
2023-08-21,13.485714285714286,-0.029019607843137254,2.2,-1.8501960784313722
2023-08-28,13.857142857142858,-0.3983753501400558,3.2,-1.147450980392157
2023-09-04,14.542857142857143,-0.44694677871148436,5.3999999999999995,-0.5863865546218489
2023-09-11,16.814285714285713,1.2942296918767493,0.0,-1.449579831932773
2023-09-18,19.0,2.9697373949579835,1.4,-1.435966386554622
2023-09-25,18.12857142857143,1.5508788515406178,11.7,-0.19292717086834724
2023-10-02,18.099999999999998,0.9602275910364136,17.2,0.2669292717086834
2023-10-09,18.242857142857144,0.7085714285714297,4.5,-1.481607142857143
2023-10-16,17.928571428571427,0.021309523809524222,4.3,-1.3042261904761905
2023-10-23,17.357142857142858,-0.9498809523809528,16.400000000000002,0.25255952380952384
2023-10-30,18.685714285714287,0.12416666666666641,39.1,2.893095238095238
2023-11-06,19.457142857142856,0.4994047619047614,6.6,-1.8829761904761904
2023-11-13,19.042857142857144,-0.3442857142857138,19.0,0.2736309523809525
2023-11-20,20.82857142857143,0.7810714285714292,26.900000000000002,1.0892857142857144
2023-11-27,20.342857142857145,-0.3333333333333347,58.3,5.628630952380952
2023-12-04,23.099999999999998,2.172261904761903,4.3,-1.7208928571428572
2023-12-11,24.385714285714283,3.110297619047618,1.4,-2.0082142857142857
2023-12-18,20.82857142857143,-0.6000595238095211,56.0,5.856309523809522
2023-12-25,21.214285714285715,-0.424870448179271,39.5,3.7293592436974796
2024-01-01,22.214285714285715,0.07714985994397898,5.5,-1.8166911764705884
2024-01-08,23.385714285714283,1.0174229691876755,20.9,-0.607675070028011
2024-01-15,22.914285714285715,0.34823529411764553,80.0,8.325826330532212
2024-01-22,23.585714285714285,0.7374229691876754,5.3,-2.255294117647059
2024-01-29,23.814285714285713,0.963361344537815,6.8999999999999995,-2.45781512605042
2024-02-05,22.02857142857143,-0.45490196078431416,14.3,-1.7097478991596637
2024-02-12,23.157142857142855,0.8208403361344548,27.099999999999998,0.21859943977591056
2024-02-19,22.214285714285715,0.02000000000000008,35.0,1.3882913165266104
2024-02-26,23.485714285714288,1.4931652661064407,9.5,-2.891036414565826
2024-03-04,22.071428571428573,0.4049299719887947,2.4,-3.672997198879552
2024-03-11,21.97142857142857,0.6264425770308131,27.4,-0.2312044817927172
2024-03-18,19.8,-1.1062184873949579,20.5,-1.2467226890756302
2024-03-25,20.085714285714285,-0.08179271708683343,4.3,-2.915126050420168
2024-04-01,20.071428571428573,0.7652100840336138,115.8,13.387787114845938
2024-04-08,16.857142857142858,-1.740952380952383,19.200000000000003,0.3341176470588238
2024-04-15,16.985714285714288,-1.0166946778711483,20.2,0.7092436974789916
2024-04-22,16.52857142857143,-0.9282352941176474,0.30000000000000004,-2.4303081232493
2024-04-29,15.785714285714286,-0.6998879551820723,72.1,8.262689075630252
2024-05-06,16.17142857142857,0.5832492997198874,80.4,9.616134453781513
2024-05-13,14.87142857142857,-0.25848739495798434,8.7,-0.96375350140056
2024-05-20,12.942857142857141,-1.671316526610644,1.5,-2.3426330532212885
2024-05-27,13.671428571428573,-0.19691876750700185,66.5,6.541344537815127
2024-06-03,12.714285714285714,-0.5416806722689075,24.7,0.8392717086834734
2024-06-10,11.471428571428572,-1.444033613445378,30.7,2.3946778711484593
2024-06-17,10.214285714285714,-2.2961344537815127,14.0,0.2968627450980396
2024-06-24,11.171428571428573,-1.0045378151260507,5.8,-1.424985994397759
2024-07-01,12.37142857142857,0.3263305322128845,24.2,1.1326610644257702
2024-07-08,12.12857142857143,0.11910364145658241,8.6,-0.2142857142857142
2024-07-15,11.342857142857143,-0.8096358543417358,0.6,-1.0751820728291317
2024-07-22,11.842857142857142,-0.6420168067226893,5.0,-0.8583193277310922
2024-07-29,10.742857142857144,-1.8194397759103633,2.7,-1.2358543417366945
2024-08-05,11.228571428571428,-1.403361344537815,1.8,-1.206106442577031
2024-08-12,14.557142857142859,1.5222408963585428,29.5,2.181792717086835
2024-08-19,16.185714285714287,2.738151260504201,1.8,-1.9517086834733892
2024-08-26,18.314285714285713,4.169299719887956,0.0,-1.7202240896358543
2024-09-02,17.04285714285714,2.151316526610644,0.0,-1.3192156862745097
2024-09-09,15.185714285714287,-0.2632492997198881,4.1,-0.8656022408963586
2024-09-16,15.714285714285714,-0.24484593837535026,0.0,-1.5943032212885153
2024-09-23,17.02857142857143,0.5412429971988804,36.6,3.4206057422969187
2024-09-30,16.685714285714287,-0.39074929971988787,29.6,2.0635399159663868
2024-10-07,16.742857142857144,-0.739761904761904,4.7,-1.5101785714285714
2024-10-14,17.17142857142857,-0.6845833333333324,17.2,0.5088095238095239
2024-10-21,16.557142857142857,-1.7035119047619047,7.1,-0.958452380952381
2024-10-28,19.114285714285717,0.6119642857142858,5.4,-1.9101785714285715
2024-11-04,21.0,2.0876190476190466,17.6,-0.3033928571428571
2024-11-11,19.814285714285713,0.510119047619047,40.5,3.317083333333333
2024-11-18,20.514285714285712,0.5724404761904773,12.299999999999999,-0.9781547619047618
2024-11-25,23.814285714285713,3.211726190476189,56.6,5.398809523809524
2024-12-02,23.857142857142858,2.944047619047617,16.400000000000002,-0.09107142857142854
2024-12-09,22.228571428571428,0.989999999999999,4.6000000000000005,-1.515059523809524
2024-12-16,22.12857142857143,0.7308928571428593,20.199999999999996,0.701785714285714
2024-12-23,22.514285714285712,0.9077310924369755,1.7000000000000002,-1.6336484593837535
2024-12-30,22.985714285714288,1.0220553221288522,6.199999999999999,-1.5935679271708685
2025-01-06,21.514285714285712,-0.8493977591036409,95.60000000000001,10.261260504201681
2025-01-13,21.74285714285714,-0.7419607843137263,54.4,4.6151260504201685
2025-01-20,20.885714285714283,-1.8853781512605035,5.3,-2.3764145658263303
2025-01-27,23.428571428571427,0.515238095238095,28.5,0.9702521008403363
2025-02-03,24.414285714285715,1.8396638655462192,8.8,-2.597927170868347
2025-02-10,21.857142857142858,-0.5056022408963585,38.8,1.7666666666666668
2025-02-17,20.8,-1.4280672268907548,13.6,-1.4805602240896358
2025-02-24,23.74285714285714,1.6698039215686262,5.4,-3.394565826330532
2025-03-03,22.228571428571428,0.457871148459383,27.099999999999998,-0.19714285714285712
2025-03-10,23.985714285714288,2.5558543417366946,3.9000000000000004,-3.562128851540616
2025-03-17,21.67142857142857,0.6024649859943985,9.8,-2.7871708683473386
2025-03-24,21.5,1.1114845938375366,66.5,5.842128851540616
2025-03-31,18.714285714285715,-0.8591596638655454,5.3999999999999995,-2.6665546218487397
2025-04-07,19.5,0.7277310924369742,6.7,-1.5387114845938374
2025-04-14,19.585714285714285,1.443697478991595,4.9,-1.4938935574229693
2025-04-21,19.271428571428572,1.6230812324929964,63.5,6.624537815126051
2025-04-28,16.228571428571428,-0.5411204481792706,40.199999999999996,3.6487955182072827
2025-05-05,17.02857142857143,1.1810644257703082,6.2,-1.1061064425770308
2025-05-12,16.442857142857143,1.2252100840336129,27.7,1.9933333333333334
2025-05-19,16.514285714285712,1.7428011204481788,129.2,15.96761904761905
2025-05-26,13.771428571428572,-0.3448739495798317,16.0,-0.6791596638655462
2025-06-02,12.1,-1.280056022408963,9.1,-1.4119887955182073
2025-06-09,11.085714285714285,-1.9242577030812327,3.2,-1.817591036414566
2025-06-16,10.057142857142859,-2.592436974789916,0.0,-1.6745098039215685
2025-06-23,12.542857142857143,0.32683473389355705,2.8,-1.6896918767507003
2025-06-30,12.742857142857144,0.6618487394957983,85.4,9.829467787114847
2025-07-07,12.0,-0.025770308123249968,0.2,-1.6993837535014005
2025-07-14,10.614285714285714,-1.4559103641456574,0.6,-1.0289635854341737
2025-07-21,12.9,0.5003921568627453,12.1,0.23439775910364163
2025-07-28,12.342857142857143,-0.21613445378151194,82.0,10.056918767507003
2025-08-04,13.12857142857143,0.5333333333333332,26.299999999999997,2.2784313725490195
2025-08-11,11.857142857142858,-1.0222969187675073,25.1,1.7943417366946781
2025-08-18,12.928571428571429,-0.41831932773109265,125.99999999999999,15.715854341736696
2025-08-25,14.442857142857141,0.5249299719887957,0.8,-1.8174229691876749
2025-09-01,14.585714285714285,-0.0918207282913165,1.3,-1.119047619047619
2025-09-08,15.957142857142857,0.6340056022408957,63.0,7.58140056022409
2025-09-15,17.27142857142857,1.4677871148459378,8.2,-0.35938375350140045
2025-09-22,18.085714285714285,1.7753361344537821,5.6,-0.9264705882352942
2025-09-29,18.857142857142858,1.9217507002801126,0.5,-2.0138165266106443
2025-10-06,22.414285714285715,5.027937675070028,8.3,-1.075077030812325
2025-10-13,20.099999999999998,2.3499404761904765,0.9,-1.8030357142857143
2025-10-20,21.114285714285717,2.9798214285714297,1.7,-1.6594642857142858
2025-10-27,17.24285714285714,-1.1930357142857146,35.8,2.5279166666666666
2025-11-03,20.114285714285717,1.285297619047618,4.6,-2.0882738095238094
2025-11-10,19.728571428571428,0.5712500000000001,2.3,-2.264880952380952
2025-11-17,20.057142857142857,0.34113095238095276,23.1,0.6716071428571428
2025-11-24,23.642857142857142,3.211011904761904,2.5999999999999996,-2.361964285714286
2025-12-01,22.74285714285714,1.8736904761904742,0.8,-2.474345238095238
2025-12-08,21.514285714285712,0.36999999999999894,48.4,4.81452380952381
2025-12-15,23.67142857142857,2.3130952380952396,11.200000000000001,-0.6442261904761905
2025-12-22,20.442857142857143,-1.095980392156862,7.1,-0.9279166666666667
2025-12-29,19.7,-2.1705322128851527,17.4,0.17694327731092432
2026-01-05,24.714285714285715,2.364397759103643,16.5,-0.8663410364145658
2026-01-12,21.24285714285714,-1.2021288515406165,109.8,12.374285714285715
2026-01-19,21.042857142857144,-1.6968067226890753,9.6,-1.752156862745098
2026-01-26,23.542857142857144,0.6210084033613441,2.9000000000000004,-2.5296918767507
2026-02-02,22.885714285714283,0.2468907563025218,10.100000000000001,-2.4156862745098033
2026-02-09,21.857142857142858,-0.5078431372549014,24.2,-0.3301960784313727
2026-02-16,23.97142857142857,1.7262745098039234,11.7,-1.7850420168067225
2026-02-23,23.04285714285714,0.936302521008402,32.3,0.5690756302521011
2026-03-02,23.285714285714285,1.4625210084033604,43.7,2.110532212885154
2026-03-09,21.042857142857144,-0.4292436974789915,22.7,-0.8638095238095238
2026-03-16,21.657142857142855,0.5277310924369755,48.0,2.695574229691877
2026-03-23,19.557142857142857,-0.9544537815126043,30.1,0.5173109243697479
2026-03-30,19.3,-0.4024649859943971,11.2,-1.8913165266106444
2026-04-06,19.957142857142856,1.095462184873949,2.1999999999999997,-2.2702521008403362
2026-04-13,17.12857142857143,-1.092436974789917,2.9,-1.8145098039215686
2026-04-20,17.37142857142857,-0.35635854341736767,5.8,-1.5582633053221289
2026-04-27,18.257142857142856,1.338039215686275,1.7,-1.9376470588235293
2026-05-04,15.757142857142856,-0.22084033613445392,5.0,-1.3134453781512605
2026-05-11,17.285714285714285,2.020056022408963,24.7,1.6579271708683476
2026-05-18,16.17142857142857,1.3226890756302514,37.0,2.811764705882353
2026-05-25,16.6,2.3655462184873954,64.1,6.246946778711484
2026-06-01,13.342857142857143,-0.10823529411764632,8.5,-1.5285154061624648
2026-06-08,15.514285714285714,2.4495798319327733,7.4,-1.36733893557423
2026-06-15,15.557142857142859,2.8468347338935573,1.7,-1.4155742296918767
2026-06-22,12.442857142857141,0.1947338935574225,31.5,2.5042577030812327
2026-06-29,14.185714285714285,2.0802240896358546,7.6,-1.3068347338935575
2026-07-06,12.5,0.47109243697478903,19.5,0.906498599439776
2026-07-13,13.357142857142858,1.3126610644257704,15.7,1.131764705882353
2026-07-20,12.12857142857143,-0.22112044817927132,0.0,-1.4214565826330532
2026-07-27,11.985714285714286,-0.5718207282913159,5.7,-0.8302521008403361
2026-08-03,11.585714285714285,-0.987675070028011,7.3999999999999995,-0.4671148459383753
2026-08-10,13.614285714285714,0.8053221288515405,10.7,-0.15753501400560227
2026-08-17,14.471428571428572,1.1651540616246499,11.0,-0.719439775910364
2026-08-24,14.728571428571428,0.9256022408963585,18.5,0.6411764705882355
2026-08-31,18.457142857142856,3.886442577030812,0.9,-1.2307563025210084
2026-09-07,14.814285714285713,-0.4369187675070036,2.3,-1.0764145658263307
2026-09-14,17.6,1.8688515406162458,0.4,-1.438487394957983
2026-09-21,18.014285714285716,1.7739845938375367,24.1,1.7517717086834736
2026-09-28,15.350000000000001,-1.262463235294116,1.5,-1.1937132352941178
