week_start,garment_group_name,unit_sales
2018-09-24,Dressed,5795
2018-10-01,Dressed,3264
2018-10-08,Dressed,5031
2018-10-15,Dressed,3902
2018-10-22,Dressed,5640
2018-10-29,Dressed,3663
2018-11-05,Dressed,3617
2018-11-12,Dressed,3414
2018-11-19,Dressed,5676
2018-11-26,Dressed,2718
2018-12-03,Dressed,3102
2018-12-10,Dressed,2868
2018-12-17,Dressed,4034
2018-12-24,Dressed,2254
2018-12-31,Dressed,2946
2019-01-07,Dressed,4488
2019-01-14,Dressed,3084
2019-01-21,Dressed,3445
2019-01-28,Dressed,3508
2019-02-04,Dressed,3664
2019-02-11,Dressed,3893
2019-02-18,Dressed,5112
2019-02-25,Dressed,3971
2019-03-04,Dressed,3612
2019-03-11,Dressed,4284
2019-03-18,Dressed,4675
2019-03-25,Dressed,5550
2019-04-01,Dressed,6406
2019-04-08,Dressed,3980
2019-04-15,Dressed,3226
2019-04-22,Dressed,3084
2019-04-29,Dressed,3646
2019-05-06,Dressed,2643
2019-05-13,Dressed,3140
2019-05-20,Dressed,3704
2019-05-27,Dressed,3291
2019-06-03,Dressed,2196
2019-06-10,Dressed,1863
2019-06-17,Dressed,3350
2019-06-24,Dressed,2071
2019-07-01,Dressed,2048
2019-07-08,Dressed,2413
2019-07-15,Dressed,2289
2019-07-22,Dressed,1846
2019-07-29,Dressed,2186
2019-08-05,Dressed,2870
2019-08-12,Dressed,4324
2019-08-19,Dressed,3841
2019-08-26,Dressed,3269
2019-09-02,Dressed,4753
2019-09-09,Dressed,4763
2019-09-16,Dressed,4494
2019-09-23,Dressed,9093
2019-09-30,Dressed,4206
2019-10-07,Dressed,3343
2019-10-14,Dressed,3003
2019-10-21,Dressed,3745
2019-10-28,Dressed,4579
2019-11-04,Dressed,3087
2019-11-11,Dressed,3305
2019-11-18,Dressed,3204
2019-11-25,Dressed,7751
2019-12-02,Dressed,3102
2019-12-09,Dressed,3440
2019-12-16,Dressed,7196
2019-12-23,Dressed,4545
2019-12-30,Dressed,4133
2020-01-06,Dressed,4076
2020-01-13,Dressed,4036
2020-01-20,Dressed,4541
2020-01-27,Dressed,4754
2020-02-03,Dressed,4846
2020-02-10,Dressed,4850
2020-02-17,Dressed,4696
2020-02-24,Dressed,5257
2020-03-02,Dressed,4856
2020-03-09,Dressed,4067
2020-03-16,Dressed,3470
2020-03-23,Dressed,3072
2020-03-30,Dressed,4765
2020-04-06,Dressed,4063
2020-04-13,Dressed,2057
2020-04-20,Dressed,2476
2020-04-27,Dressed,1767
2020-05-04,Dressed,1838
2020-05-11,Dressed,2770
2020-05-18,Dressed,3367
2020-05-25,Dressed,2692
2020-06-01,Dressed,2626
2020-06-08,Dressed,2639
2020-06-15,Dressed,5711
2020-06-22,Dressed,3692
2020-06-29,Dressed,4184
2020-07-06,Dressed,4535
2020-07-13,Dressed,3663
2020-07-20,Dressed,4227
2020-07-27,Dressed,3491
2020-08-03,Dressed,2441
2020-08-10,Dressed,3071
2020-08-17,Dressed,4301
2020-08-24,Dressed,6989
2020-08-31,Dressed,7139
2020-09-07,Dressed,6836
2020-09-14,Dressed,5361
2018-09-24,Jersey Basic,47656
2018-10-01,Jersey Basic,28303
2018-10-08,Jersey Basic,34608
2018-10-15,Jersey Basic,30769
2018-10-22,Jersey Basic,34605
2018-10-29,Jersey Basic,25168
2018-11-05,Jersey Basic,22732
2018-11-12,Jersey Basic,23294
2018-11-19,Jersey Basic,40001
2018-11-26,Jersey Basic,20112
2018-12-03,Jersey Basic,19059
2018-12-10,Jersey Basic,17900
2018-12-17,Jersey Basic,21833
2018-12-24,Jersey Basic,18004
2018-12-31,Jersey Basic,20958
2019-01-07,Jersey Basic,28213
2019-01-14,Jersey Basic,24739
2019-01-21,Jersey Basic,26539
2019-01-28,Jersey Basic,27093
2019-02-04,Jersey Basic,25124
2019-02-11,Jersey Basic,25075
2019-02-18,Jersey Basic,36043
2019-02-25,Jersey Basic,29103
2019-03-04,Jersey Basic,23435
2019-03-11,Jersey Basic,23585
2019-03-18,Jersey Basic,26392
2019-03-25,Jersey Basic,31130
2019-04-01,Jersey Basic,36048
2019-04-08,Jersey Basic,29300
2019-04-15,Jersey Basic,34296
2019-04-22,Jersey Basic,42008
2019-04-29,Jersey Basic,39335
2019-05-06,Jersey Basic,25134
2019-05-13,Jersey Basic,29947
2019-05-20,Jersey Basic,32930
2019-05-27,Jersey Basic,40547
2019-06-03,Jersey Basic,35262
2019-06-10,Jersey Basic,31282
2019-06-17,Jersey Basic,53948
2019-06-24,Jersey Basic,59458
2019-07-01,Jersey Basic,49190
2019-07-08,Jersey Basic,41652
2019-07-15,Jersey Basic,40589
2019-07-22,Jersey Basic,52793
2019-07-29,Jersey Basic,35444
2019-08-05,Jersey Basic,32921
2019-08-12,Jersey Basic,34465
2019-08-19,Jersey Basic,28020
2019-08-26,Jersey Basic,27028
2019-09-02,Jersey Basic,29338
2019-09-09,Jersey Basic,27662
2019-09-16,Jersey Basic,25484
2019-09-23,Jersey Basic,44780
2019-09-30,Jersey Basic,29781
2019-10-07,Jersey Basic,26596
2019-10-14,Jersey Basic,23190
2019-10-21,Jersey Basic,25794
2019-10-28,Jersey Basic,28847
2019-11-04,Jersey Basic,19023
2019-11-11,Jersey Basic,18985
2019-11-18,Jersey Basic,17335
2019-11-25,Jersey Basic,46162
2019-12-02,Jersey Basic,17396
2019-12-09,Jersey Basic,16358
2019-12-16,Jersey Basic,22392
2019-12-23,Jersey Basic,17821
2019-12-30,Jersey Basic,21288
2020-01-06,Jersey Basic,23033
2020-01-13,Jersey Basic,21371
2020-01-20,Jersey Basic,23598
2020-01-27,Jersey Basic,23773
2020-02-03,Jersey Basic,26134
2020-02-10,Jersey Basic,23403
2020-02-17,Jersey Basic,23283
2020-02-24,Jersey Basic,25599
2020-03-02,Jersey Basic,25310
2020-03-09,Jersey Basic,21711
2020-03-16,Jersey Basic,24224
2020-03-23,Jersey Basic,35095
2020-03-30,Jersey Basic,43200
2020-04-06,Jersey Basic,58300
2020-04-13,Jersey Basic,29992
2020-04-20,Jersey Basic,37862
2020-04-27,Jersey Basic,28945
2020-05-04,Jersey Basic,30105
2020-05-11,Jersey Basic,34887
2020-05-18,Jersey Basic,41328
2020-05-25,Jersey Basic,42274
2020-06-01,Jersey Basic,34083
2020-06-08,Jersey Basic,34540
2020-06-15,Jersey Basic,48298
2020-06-22,Jersey Basic,59174
2020-06-29,Jersey Basic,40934
2020-07-06,Jersey Basic,33182
2020-07-13,Jersey Basic,33982
2020-07-20,Jersey Basic,35899
2020-07-27,Jersey Basic,35122
2020-08-03,Jersey Basic,34786
2020-08-10,Jersey Basic,30014
2020-08-17,Jersey Basic,28181
2020-08-24,Jersey Basic,36391
2020-08-31,Jersey Basic,34732
2020-09-07,Jersey Basic,33642
2020-09-14,Jersey Basic,26256
2018-09-24,Jersey Fancy,69553
2018-10-01,Jersey Fancy,43235
2018-10-08,Jersey Fancy,50908
2018-10-15,Jersey Fancy,49668
2018-10-22,Jersey Fancy,60499
2018-10-29,Jersey Fancy,41663
2018-11-05,Jersey Fancy,36863
2018-11-12,Jersey Fancy,35720
2018-11-19,Jersey Fancy,74388
2018-11-26,Jersey Fancy,41468
2018-12-03,Jersey Fancy,36448
2018-12-10,Jersey Fancy,34545
2018-12-17,Jersey Fancy,53804
2018-12-24,Jersey Fancy,44026
2018-12-31,Jersey Fancy,45750
2019-01-07,Jersey Fancy,52774
2019-01-14,Jersey Fancy,43462
2019-01-21,Jersey Fancy,47183
2019-01-28,Jersey Fancy,49846
2019-02-04,Jersey Fancy,42686
2019-02-11,Jersey Fancy,41089
2019-02-18,Jersey Fancy,60750
2019-02-25,Jersey Fancy,51068
2019-03-04,Jersey Fancy,50558
2019-03-11,Jersey Fancy,51439
2019-03-18,Jersey Fancy,47804
2019-03-25,Jersey Fancy,55852
2019-04-01,Jersey Fancy,63439
2019-04-08,Jersey Fancy,50775
2019-04-15,Jersey Fancy,58150
2019-04-22,Jersey Fancy,69316
2019-04-29,Jersey Fancy,68609
2019-05-06,Jersey Fancy,47370
2019-05-13,Jersey Fancy,57547
2019-05-20,Jersey Fancy,61549
2019-05-27,Jersey Fancy,65145
2019-06-03,Jersey Fancy,57690
2019-06-10,Jersey Fancy,49512
2019-06-17,Jersey Fancy,97734
2019-06-24,Jersey Fancy,90848
2019-07-01,Jersey Fancy,69812
2019-07-08,Jersey Fancy,62476
2019-07-15,Jersey Fancy,61680
2019-07-22,Jersey Fancy,74996
2019-07-29,Jersey Fancy,57087
2019-08-05,Jersey Fancy,51511
2019-08-12,Jersey Fancy,53458
2019-08-19,Jersey Fancy,43311
2019-08-26,Jersey Fancy,38957
2019-09-02,Jersey Fancy,41631
2019-09-09,Jersey Fancy,37359
2019-09-16,Jersey Fancy,34459
2019-09-23,Jersey Fancy,56645
2019-09-30,Jersey Fancy,46083
2019-10-07,Jersey Fancy,37902
2019-10-14,Jersey Fancy,31907
2019-10-21,Jersey Fancy,33214
2019-10-28,Jersey Fancy,35250
2019-11-04,Jersey Fancy,26941
2019-11-11,Jersey Fancy,25795
2019-11-18,Jersey Fancy,25044
2019-11-25,Jersey Fancy,61934
2019-12-02,Jersey Fancy,26817
2019-12-09,Jersey Fancy,28432
2019-12-16,Jersey Fancy,46549
2019-12-23,Jersey Fancy,34074
2019-12-30,Jersey Fancy,37954
2020-01-06,Jersey Fancy,41780
2020-01-13,Jersey Fancy,39541
2020-01-20,Jersey Fancy,41680
2020-01-27,Jersey Fancy,39076
2020-02-03,Jersey Fancy,40632
2020-02-10,Jersey Fancy,36200
2020-02-17,Jersey Fancy,36834
2020-02-24,Jersey Fancy,42085
2020-03-02,Jersey Fancy,52042
2020-03-09,Jersey Fancy,40903
2020-03-16,Jersey Fancy,32500
2020-03-23,Jersey Fancy,42832
2020-03-30,Jersey Fancy,57726
2020-04-06,Jersey Fancy,72280
2020-04-13,Jersey Fancy,35707
2020-04-20,Jersey Fancy,47195
2020-04-27,Jersey Fancy,34313
2020-05-04,Jersey Fancy,40298
2020-05-11,Jersey Fancy,43993
2020-05-18,Jersey Fancy,59399
2020-05-25,Jersey Fancy,58861
2020-06-01,Jersey Fancy,50308
2020-06-08,Jersey Fancy,47522
2020-06-15,Jersey Fancy,83733
2020-06-22,Jersey Fancy,96160
2020-06-29,Jersey Fancy,65673
2020-07-06,Jersey Fancy,53048
2020-07-13,Jersey Fancy,50348
2020-07-20,Jersey Fancy,54527
2020-07-27,Jersey Fancy,58157
2020-08-03,Jersey Fancy,51918
2020-08-10,Jersey Fancy,46657
2020-08-17,Jersey Fancy,43080
2020-08-24,Jersey Fancy,48094
2020-08-31,Jersey Fancy,42817
2020-09-07,Jersey Fancy,40940
2020-09-14,Jersey Fancy,34685
2018-09-24,Outdoor,15681
2018-10-01,Outdoor,10380
2018-10-08,Outdoor,12756
2018-10-15,Outdoor,10603
2018-10-22,Outdoor,15698
2018-10-29,Outdoor,12081
2018-11-05,Outdoor,8406
2018-11-12,Outdoor,8336
2018-11-19,Outdoor,16829
2018-11-26,Outdoor,7809
2018-12-03,Outdoor,6739
2018-12-10,Outdoor,6507
2018-12-17,Outdoor,10430
2018-12-24,Outdoor,7820
2018-12-31,Outdoor,7833
2019-01-07,Outdoor,9582
2019-01-14,Outdoor,8485
2019-01-21,Outdoor,9471
2019-01-28,Outdoor,9081
2019-02-04,Outdoor,7238
2019-02-11,Outdoor,6817
2019-02-18,Outdoor,9952
2019-02-25,Outdoor,9049
2019-03-04,Outdoor,8467
2019-03-11,Outdoor,7169
2019-03-18,Outdoor,6750
2019-03-25,Outdoor,6668
2019-04-01,Outdoor,7315
2019-04-08,Outdoor,4595
2019-04-15,Outdoor,4174
2019-04-22,Outdoor,4440
2019-04-29,Outdoor,5286
2019-05-06,Outdoor,3698
2019-05-13,Outdoor,4219
2019-05-20,Outdoor,4394
2019-05-27,Outdoor,3959
2019-06-03,Outdoor,3110
2019-06-10,Outdoor,2625
2019-06-17,Outdoor,4670
2019-06-24,Outdoor,3135
2019-07-01,Outdoor,3652
2019-07-08,Outdoor,4307
2019-07-15,Outdoor,3873
2019-07-22,Outdoor,2865
2019-07-29,Outdoor,3360
2019-08-05,Outdoor,4172
2019-08-12,Outdoor,6193
2019-08-19,Outdoor,4583
2019-08-26,Outdoor,4372
2019-09-02,Outdoor,8503
2019-09-09,Outdoor,7661
2019-09-16,Outdoor,7858
2019-09-23,Outdoor,17418
2019-09-30,Outdoor,14596
2019-10-07,Outdoor,11336
2019-10-14,Outdoor,8513
2019-10-21,Outdoor,9308
2019-10-28,Outdoor,12489
2019-11-04,Outdoor,7293
2019-11-11,Outdoor,7809
2019-11-18,Outdoor,6661
2019-11-25,Outdoor,22736
2019-12-02,Outdoor,7297
2019-12-09,Outdoor,4390
2019-12-16,Outdoor,11567
2019-12-23,Outdoor,7686
2019-12-30,Outdoor,8609
2020-01-06,Outdoor,6957
2020-01-13,Outdoor,5797
2020-01-20,Outdoor,6223
2020-01-27,Outdoor,6712
2020-02-03,Outdoor,6885
2020-02-10,Outdoor,6228
2020-02-17,Outdoor,5895
2020-02-24,Outdoor,7063
2020-03-02,Outdoor,7940
2020-03-09,Outdoor,5599
2020-03-16,Outdoor,4539
2020-03-23,Outdoor,4587
2020-03-30,Outdoor,5895
2020-04-06,Outdoor,5843
2020-04-13,Outdoor,2789
2020-04-20,Outdoor,3379
2020-04-27,Outdoor,3007
2020-05-04,Outdoor,2501
2020-05-11,Outdoor,3069
2020-05-18,Outdoor,4253
2020-05-25,Outdoor,3557
2020-06-01,Outdoor,3548
2020-06-08,Outdoor,3218
2020-06-15,Outdoor,3383
2020-06-22,Outdoor,2407
2020-06-29,Outdoor,2928
2020-07-06,Outdoor,2863
2020-07-13,Outdoor,2103
2020-07-20,Outdoor,3150
2020-07-27,Outdoor,2510
2020-08-03,Outdoor,2045
2020-08-10,Outdoor,2709
2020-08-17,Outdoor,3754
2020-08-24,Outdoor,8167
2020-08-31,Outdoor,8485
2020-09-07,Outdoor,8974
2020-09-14,Outdoor,7679
2018-09-24,Trousers,41010
2018-10-01,Trousers,25189
2018-10-08,Trousers,34652
2018-10-15,Trousers,31719
2018-10-22,Trousers,36527
2018-10-29,Trousers,26670
2018-11-05,Trousers,24131
2018-11-12,Trousers,24626
2018-11-19,Trousers,43047
2018-11-26,Trousers,22122
2018-12-03,Trousers,21504
2018-12-10,Trousers,21213
2018-12-17,Trousers,30730
2018-12-24,Trousers,24898
2018-12-31,Trousers,25211
2019-01-07,Trousers,30599
2019-01-14,Trousers,24281
2019-01-21,Trousers,27153
2019-01-28,Trousers,27771
2019-02-04,Trousers,28926
2019-02-11,Trousers,27151
2019-02-18,Trousers,34674
2019-02-25,Trousers,31946
2019-03-04,Trousers,31666
2019-03-11,Trousers,31608
2019-03-18,Trousers,31136
2019-03-25,Trousers,35288
2019-04-01,Trousers,40565
2019-04-08,Trousers,30373
2019-04-15,Trousers,31231
2019-04-22,Trousers,34076
2019-04-29,Trousers,34047
2019-05-06,Trousers,25050
2019-05-13,Trousers,30081
2019-05-20,Trousers,30596
2019-05-27,Trousers,31223
2019-06-03,Trousers,26878
2019-06-10,Trousers,23029
2019-06-17,Trousers,44843
2019-06-24,Trousers,37422
2019-07-01,Trousers,30537
2019-07-08,Trousers,29454
2019-07-15,Trousers,29409
2019-07-22,Trousers,32083
2019-07-29,Trousers,26233
2019-08-05,Trousers,26289
2019-08-12,Trousers,30643
2019-08-19,Trousers,26880
2019-08-26,Trousers,24046
2019-09-02,Trousers,28043
2019-09-09,Trousers,26762
2019-09-16,Trousers,24802
2019-09-23,Trousers,45044
2019-09-30,Trousers,33621
2019-10-07,Trousers,27494
2019-10-14,Trousers,22835
2019-10-21,Trousers,22982
2019-10-28,Trousers,26768
2019-11-04,Trousers,19343
2019-11-11,Trousers,18777
2019-11-18,Trousers,16967
2019-11-25,Trousers,50152
2019-12-02,Trousers,22517
2019-12-09,Trousers,19416
2019-12-16,Trousers,28264
2019-12-23,Trousers,19391
2019-12-30,Trousers,22488
2020-01-06,Trousers,22593
2020-01-13,Trousers,21182
2020-01-20,Trousers,22844
2020-01-27,Trousers,24976
2020-02-03,Trousers,25644
2020-02-10,Trousers,21976
2020-02-17,Trousers,22296
2020-02-24,Trousers,25684
2020-03-02,Trousers,30418
2020-03-09,Trousers,24430
2020-03-16,Trousers,20111
2020-03-23,Trousers,23973
2020-03-30,Trousers,33521
2020-04-06,Trousers,36713
2020-04-13,Trousers,22136
2020-04-20,Trousers,30700
2020-04-27,Trousers,23952
2020-05-04,Trousers,22259
2020-05-11,Trousers,24629
2020-05-18,Trousers,29192
2020-05-25,Trousers,31669
2020-06-01,Trousers,30277
2020-06-08,Trousers,24162
2020-06-15,Trousers,42519
2020-06-22,Trousers,39646
2020-06-29,Trousers,30578
2020-07-06,Trousers,24285
2020-07-13,Trousers,21759
2020-07-20,Trousers,25036
2020-07-27,Trousers,24017
2020-08-03,Trousers,21791
2020-08-10,Trousers,20941
2020-08-17,Trousers,23016
2020-08-24,Trousers,29646
2020-08-31,Trousers,28573
2020-09-07,Trousers,29282
2020-09-14,Trousers,25037
